Date,City,PM2.5,PM10,NO,NO2,NOx,NH3,CO,SO2,O3
01-01-2017,Hyderabad,61.25,100.46,7.54,39.37,8.27,15.38,0.25,6.08,69.11
02-01-2017,Hyderabad,47.21,80.12,9.69,52,10.85,24.87,0.33,20.73,47.61
03-01-2017,Hyderabad,65.45,132.09,11.01,58.68,13.66,18.06,0.31,22.99,50.37
04-01-2017,Hyderabad,116.03,197.89,12.2,58.2,12.48,26.16,0.15,37.31,56.42
05-01-2017,Hyderabad,96.21,162.27,10.97,57.6,13.18,36.67,0.14,25.88,45.66
06-01-2017,Hyderabad,75.89,147.99,12.09,69.76,15.64,23.85,0.14,34.18,36.8
07-01-2017,Hyderabad,63.83,104.25,10.37,37.49,9.45,16.18,0.15,7.83,58.44
08-01-2017,Hyderabad,62.34,100.56,10.32,34.38,8.88,15.23,0.143333333,3.21,52.76
09-01-2017,Hyderabad,51.67,80.46,10.08,30.24,11.37,13.47,0.141666667,3.56,60.3
10-01-2017,Hyderabad,61.42,112.53,7.05,36.21,8.33,11.94,0.14,6.6,53.49
11-01-2017,Hyderabad,82.34,168.93,11.85,49.71,14.9,19.45,0.138333333,29.68,49.64
12-01-2017,Hyderabad,115.47,212.64,11.78,55.94,13.1,30.92,0.136666667,55.61,51.68
13-01-2017,Hyderabad,108.41,166.25,10.43,49.01,11.51,26.15,0.135,16.8,43.54
14-01-2017,Hyderabad,73.75,114.17,10.06,38.15,9.48,20.75,0.133333333,7.78,47.92
15-01-2017,Hyderabad,81.72,120.38,9.88,39.02,9.59,17.64,0.131666667,3.77,42.95
16-01-2017,Hyderabad,83.39,140.24,14.4,52.77,12.14,19.03,0.13,21.93,30.43
17-01-2017,Hyderabad,64.14,116.31,10.96,49.49,11.74,17.53,0.128333333,5.32,32.75
18-01-2017,Hyderabad,54.56,81.16,10.06,34.26,8.81,14.66,0.126666667,4.16,58.14
19-01-2017,Hyderabad,67.09,109.2,10.09,38.78,9.6,14.4,0.125,3.76,66.33
20-01-2017,Hyderabad,76.51,135.24,10.68,49.29,11.62,15.32,0.123333333,9,55.29
21-01-2017,Hyderabad,69.51,137.83,19.01,63.8,16.45,18,0.121666667,7.19,48.08
22-01-2017,Hyderabad,60.61,111.85,10.06,49.44,16.53,15.71,0.12,6.68,53.25
23-01-2017,Hyderabad,83.79,150.97,10.65,52.58,19.39,20.72,0.118333333,13.58,53.54
24-01-2017,Hyderabad,71.49,148.62,10.19,50.58,11.72,19.98,0.116666667,12.35,53.29
25-01-2017,Hyderabad,76.94,144.81,10.14,47.79,11.21,18.46,0.115,9.19,58.67
26-01-2017,Hyderabad,64.21,108.56,9.54,32.92,8.41,14.62,0.113333333,4.04,75.82
27-01-2017,Hyderabad,56.14,100.4,9.47,41.9,10.18,15.15,0.111666667,7.88,51.86
28-01-2017,Hyderabad,68.79,131.75,8.46,43.74,7.53,18.29,0.11,12.09,43.59
29-01-2017,Hyderabad,85.73,157.28,10.5,53.72,12.36,28.21,0.108333333,34.99,49.54
30-01-2017,Hyderabad,62.96,124.01,19.88,60.35,16.06,25.86,0.106666667,19.96,56.94
31-01-2017,Hyderabad,54.98,115.66,10.14,46.64,16.51,17.73,0.105,12.33,53.74
01-02-2017,Hyderabad,44.56,87.45,10.32,35.7,9.92,16.81,0.103333333,5.74,74.98
02-02-2017,Hyderabad,52.36,96.1,10.06,37.44,9.36,16.25,0.101666667,3.48,68.59
03-02-2017,Hyderabad,58.81,109.98,9.92,42.23,10.17,16.49,0.1,8.29,76.03
04-02-2017,Hyderabad,68.29,141.85,10.64,52.03,12.26,17.59,0.098333333,13.7,82.95
05-02-2017,Hyderabad,56.73,117.29,9.79,45.95,10.79,18.65,0.096666667,11.04,98.75
06-02-2017,Hyderabad,64.14,136.36,17.54,52.4,8.17,17.5,0.095,18.17,61.34
07-02-2017,Hyderabad,93.54,188.21,8.44,60.66,11.41,26.73,0.093333333,25.9,42.44
08-02-2017,Hyderabad,83.13,163.13,7.1,51.31,8.72,22.71,0.091666667,17.22,45.33
09-02-2017,Hyderabad,70.3,134.14,8.62,45.89,10.47,19.35,0.09,7.48,50.11
10-02-2017,Hyderabad,64.97,108.1,8.71,35.98,7.61,15.93,0.088333333,5.02,67.42
11-02-2017,Hyderabad,41.77,105.1,6.28,27.85,3.04,13.23,0.086666667,1.8,64.54
12-02-2017,Hyderabad,39.67,102.1,9.79,32.34,4.54,12.49,0.085,3.08,47.55
13-02-2017,Hyderabad,42.59,99.1,10.9,24.07,3.31,16.5,0.083333333,23.86,79.28
14-02-2017,Hyderabad,62.32,115.04,10.84,35.19,9.17,18.65,0.081666667,10.09,57.4
15-02-2017,Hyderabad,66.1,129.76,13.81,40.94,12.43,17.52,0.08,10.89,38.79
16-02-2017,Hyderabad,85.12,173.28,12.04,46.28,14.03,22.99,0.11,23.38,40.55
17-02-2017,Hyderabad,82.76,203.34,13.26,46.37,15.73,26.52,0.28,29.72,37.61
18-02-2017,Hyderabad,75.46,197.99,15.75,46.97,15.11,27.44,0.24,33.86,39.71
19-02-2017,Hyderabad,63.58,163.83,10.87,40.25,9.18,31.66,0.23,27.84,50.72
20-02-2017,Hyderabad,57.61,157.84,8.41,35.93,8.46,39.69,0.25,22.31,39.94
21-02-2017,Hyderabad,53.34,144.79,11.52,44.31,13.02,22.19,0.24,25.23,39.26
22-02-2017,Hyderabad,65.52,167.51,12.37,46.93,13.69,30.84,0.27,20.72,49.52
23-02-2017,Hyderabad,72,184.43,13.74,48.13,14.06,29.77,0.28,24.77,52.2
24-02-2017,Hyderabad,68.68,178.16,14.91,44.73,14.36,41.8,0.21,30.71,56.79
25-02-2017,Hyderabad,80.73,198.07,9.99,46.49,13.6,47.49,0.21,40.3,51.85
26-02-2017,Hyderabad,64.09,163.99,10.4,44.5,12.84,29.14,0.22,26.83,57.97
27-02-2017,Hyderabad,55.13,148.99,12.48,39.79,11.67,29.39,0.28,17.65,64.27
28-02-2017,Hyderabad,69.06,177.21,13.34,45.33,13.98,40.73,0.23,27.21,64.43
01-03-2017,Hyderabad,63.3,161.94,7.64,38.86,9.94,25.67,0.24,15.45,38.61
02-03-2017,Hyderabad,57.86,130.83,7.72,29.63,8.8,18.51,0.19,10.31,42.14
03-03-2017,Hyderabad,28.95,87.02,7.66,25.79,7.97,17.57,0.14,7.43,51.83
04-03-2017,Hyderabad,32.73,90.8,7.83,25.01,7.66,18.84,0.16,10.15,68.85
05-03-2017,Hyderabad,31.06,69.14,7.81,19.79,6.75,15.43,0.14,14.85,55.32
06-03-2017,Hyderabad,42.16,106.15,8.94,28,8.86,17.68,0.17,9.61,50.93
07-03-2017,Hyderabad,35.62,80.09,7.05,17.76,6.07,14.61,0.14,12.29,55.68
08-03-2017,Hyderabad,45.6,118.95,8.68,28.85,8.91,16.96,0.13,13.64,57.87
09-03-2017,Hyderabad,77.14,189.5,13.65,45.09,14.68,24.9,0.2,19.6,47.16
10-03-2017,Hyderabad,30.97,89.71,8.47,24.09,8.42,13.14,0.12,9.13,42.43
11-03-2017,Hyderabad,30.33,111.84,9.63,33.13,10.18,8.95,0.11,12.9,43.3
12-03-2017,Hyderabad,43.8,146.18,11.64,41.87,12.69,15.42,0.16,22.58,44.15
13-03-2017,Hyderabad,63.7,181.89,11.59,42.87,12.28,32.61,0.21,25.87,52.81
14-03-2017,Hyderabad,50.64,132.94,9.56,37.51,11.09,26.41,0.16,17.73,50.11
15-03-2017,Hyderabad,21.27,57.52,8.25,18.26,6.57,13.73,0.11,7.85,41.95
16-03-2017,Hyderabad,27.44,44.62,9.18,24.38,8.05,12.84,0.11,7.14,42.8
17-03-2017,Hyderabad,54.73,118.8,12.86,45.98,14.49,21.57,0.16,17.35,39.39
18-03-2017,Hyderabad,67.57,186,20.68,52.24,17.22,33.02,0.2,21.64,34.77
19-03-2017,Hyderabad,63.1,216.97,17.42,54.07,17.35,40.79,0.19,24.11,29.02
20-03-2017,Hyderabad,52.04,186.28,15.13,43.35,12.52,41.5,0.19,24,25.22
21-03-2017,Hyderabad,61.33,191.22,13.78,50.59,14.69,33.24,0.17,29.93,41.21
22-03-2017,Hyderabad,60.92,175.69,12.57,52,14.03,26.07,0.17,21.17,68.16
23-03-2017,Hyderabad,60.33,158.98,12.2,48.25,13.65,21.52,0.23,10.61,64.54
24-03-2017,Hyderabad,54.59,135.47,10.5,42.79,11.92,19.77,0.17,11.49,64.9
25-03-2017,Hyderabad,60.55,148.34,9.42,41.27,11.22,24.64,0.19,14.86,63.64
26-03-2017,Hyderabad,62.45,152.69,9.35,38.24,10.57,19.94,0.17,12.7,65.94
27-03-2017,Hyderabad,57.61,144.64,9.53,39.4,10.9,17.01,0.16,13.08,66.96
28-03-2017,Hyderabad,51.42,128.17,9.57,38.28,10.72,16.62,0.16,10.89,57.96
29-03-2017,Hyderabad,49.28,117.75,9.55,33.72,10.29,15.1,0.16,6.55,57
30-03-2017,Hyderabad,47.02,122.96,9.2,35.07,10.75,15.91,0.17,8.66,54.3
31-03-2017,Hyderabad,45.77,119.32,9.23,35.7,10.05,16.73,0.15,8.68,62.1
01-04-2017,Hyderabad,44.15,117.72,9.09,30.98,8.99,14.2,0.14,6.09,59.95
02-04-2017,Hyderabad,51.9,144.41,10.08,41.35,11.47,15.37,0.16,8.48,49.08
03-04-2017,Hyderabad,50.37,125.87,9.17,34.02,9.63,14.48,0.15,7.24,53.76
04-04-2017,Hyderabad,43.52,105.3,9.33,30.44,8.9,15.11,0.14,10.83,55.87
05-04-2017,Hyderabad,47.15,98.46,9.49,29.71,8.89,12.67,0.15,7.18,43.12
06-04-2017,Hyderabad,44.33,118.21,6.25,36.95,9.88,20.89,0.16,9.13,39.14
07-04-2017,Hyderabad,48.68,119.71,9.41,32.91,10.06,14.76,0.14,9.66,48.79
08-04-2017,Hyderabad,68.34,186.2,11.67,38.38,11.62,19.05,0.2,16.14,41.4
09-04-2017,Hyderabad,77.56,193.33,16.76,49.22,23.27,17.48,0.29,14.15,36.76
10-04-2017,Hyderabad,67.48,184.29,4.95,39.61,11.11,22.74,0.21,17.04,46.58
11-04-2017,Hyderabad,77.94,235.99,13.35,52.07,16.81,33.95,0.23,30.86,41.49
12-04-2017,Hyderabad,158.04,485.88,38.01,70.52,16.42,51.93,0.3,70.39,10.79
13-04-2017,Hyderabad,59.32,161.14,9.86,37.36,11.15,26.62,0.15,18.52,64.29
14-04-2017,Hyderabad,60.92,155.57,8.26,32.52,10.17,23.64,0.17,16.51,53.34
15-04-2017,Hyderabad,57.68,161.11,6.46,29.2,9.42,16.22,0.16,15.79,46.79
16-04-2017,Hyderabad,56.31,172.7,8.75,28.75,8.96,16.17,0.15,14.29,41.88
17-04-2017,Hyderabad,68.97,221.35,11.91,41.41,12.46,28.4,0.23,23.3,41.35
18-04-2017,Hyderabad,70.99,219.74,10.84,45.1,13.09,23.76,0.25,22.43,56.8
19-04-2017,Hyderabad,57.04,157.84,8.37,27.79,8.08,30.84,0.14,9.25,50.43
20-04-2017,Hyderabad,49.73,155.18,8.94,35.29,10.53,41.98,0.12,15.24,48.24
21-04-2017,Hyderabad,45.5,146.01,9.86,37.88,11.26,26.61,0.13,15.64,48.44
22-04-2017,Hyderabad,53.51,173.04,12.27,42.5,13.91,36.91,0.19,19.01,42.89
23-04-2017,Hyderabad,58.3,187.29,14.55,42.34,13.23,45.33,0.16,23.97,36.37
24-04-2017,Hyderabad,57.26,195.54,12.62,40.89,12.81,32.1,0.17,19.79,33.12
25-04-2017,Hyderabad,55.63,186.41,13.26,42.61,16.03,26.05,0.18,27.37,35.6
26-04-2017,Hyderabad,61.48,178.52,7.13,51.82,10.74,30.94,0.06,19.33,26.72
27-04-2017,Hyderabad,63.36,195.29,12.52,45.42,15.74,36.73,0.19,22.7,48.36
28-04-2017,Hyderabad,37.64,90.98,8.81,23.58,8.78,33.13,0.09,5.2,70.21
29-04-2017,Hyderabad,27.39,97.09,6.2,29.07,8.18,38.26,0.09,10.98,59.6
30-04-2017,Hyderabad,24.73,71.82,6.14,25.71,8.76,25.94,0.1,11.4,55.85
01-05-2017,Hyderabad,24.54,68.79,6.44,26.4,8.54,26.54,0.09,11.13,45.05
02-05-2017,Hyderabad,29.34,70.91,5.92,21.73,7.49,25.34,0.1,5.69,64.01
03-05-2017,Hyderabad,37.31,85.68,6.09,25.09,8.5,34.75,0.11,4.14,54.45
04-05-2017,Hyderabad,43.24,111.88,6.23,26.06,9.73,22.03,0.15,8.28,52.6
05-05-2017,Hyderabad,40.48,113.26,6.06,24.97,10.1,16.38,0.15,8.41,65.03
06-05-2017,Hyderabad,38.11,89.14,5.12,25.56,7.62,24.02,0.11,11.54,50.37
07-05-2017,Hyderabad,29.4,80.54,5.47,12.86,2.82,19.155,0.09,6.91,67.42
08-05-2017,Hyderabad,27.81,82.02,3.79,18.72,4.24,14.29,0.06,10.16,62.99
09-05-2017,Hyderabad,32.95,91.33,5.63,41.36,9.72,38.95,0.06,10.25,53.25
10-05-2017,Hyderabad,31.54,71.48,5.72,56.78,17.44,54.45,0.16,5.59,93.07
11-05-2017,Hyderabad,30.22,66.24,8.1,72.96,22.12,50.53,0.14,3.96,57.35
12-05-2017,Hyderabad,34.8,77.97,5,36.6,11.62,23.81,0.15,4.51,53.61
13-05-2017,Hyderabad,36.41,94.82,5.08,38.77,11.38,25.46,0.14,5.92,45.63
14-05-2017,Hyderabad,40.68,101.34,5.06,42.42,10.51,23.54,0.15,4.93,44.74
15-05-2017,Hyderabad,35.14,80.34,4.56,30.94,9.21,21.58,0.11,6.38,49.94
16-05-2017,Hyderabad,37.13,108.52,4.59,41.07,12.57,18.27,0.11,9.81,37.77
17-05-2017,Hyderabad,37.23,102.58,4.41,38.74,11.94,18.51,0.11,8.88,38.04
18-05-2017,Hyderabad,48.21,159.97,5.62,50.64,14.58,33.13,0.13,11.25,32.17
19-05-2017,Hyderabad,45.73,153.81,6.3,49.46,12.42,21.18,0.11,12.25,32.93
20-05-2017,Hyderabad,41.91,143.04,4.73,48.49,12.84,22.07,0.11,10.89,36.62
21-05-2017,Hyderabad,35.78,119.47,2.2,47.98,15.64,44.56,0.16,10,39.06
22-05-2017,Hyderabad,38.13,117.36,4.44,51.56,15.38,25.27,0.13,8.43,44.56
23-05-2017,Hyderabad,49.56,173.1,4.69,66.04,18.88,43.01,0.15,12.73,29.12
24-05-2017,Hyderabad,57.16,177.19,5.39,70.75,17.53,39.41,0.17,9.6,30.25
25-05-2017,Hyderabad,39.09,115.26,4.42,45.01,10.87,25.52,0.09,4.46,47.08
26-05-2017,Hyderabad,43.73,135.42,4.5,47.81,11.47,23.05,0.1,7.28,45.06
27-05-2017,Hyderabad,26.99,79.38,4.45,30.37,7.75,18.74,0.07,4.17,43.41
28-05-2017,Hyderabad,26.35,79.05,4.26,35.91,8.8,27.27,0.09,6.47,53.11
29-05-2017,Hyderabad,19.02,78.46,4.92,42.99,10.09,28.57,0.06,5.75,41.03
30-05-2017,Hyderabad,17.31,78.58,14.07,46.38,14.55,15.98,0.06,10.87,36.63
31-05-2017,Hyderabad,11.35,45.33,7.79,22.84,7.79,11.42,0.05,2.78,45.72
01-06-2017,Hyderabad,10.04,35.01,8.94,25.83,9.14,9.9,0.06,1.66,48.75
02-06-2017,Hyderabad,13.75,45.45,8.57,22.7,7.61,9.17,0.07,3.03,57.96
03-06-2017,Hyderabad,13.78,42.98,8.4,19.42,6.83,14.37,0.07,2.33,53.33
04-06-2017,Hyderabad,14.36,40.42,9.13,24.08,8.73,20.08,0.08,4.09,46.26
05-06-2017,Hyderabad,16.11,54.35,8.38,19.2,6.73,21.42,0.07,6,54.74
06-06-2017,Hyderabad,17.77,57.12,7.71,21.89,6.76,17.36,0.09,4.06,54.65
07-06-2017,Hyderabad,12.3,31.28,6.91,11.7,4.45,11.75,0.07,3.66,48.45
08-06-2017,Hyderabad,11.78,27.93,8.21,19.22,8.56,17.27,0.08,2.68,36.3
09-06-2017,Hyderabad,17.05,39.07,4.9,20.03,7.59,20.71,0.08,5.5,33.48
10-06-2017,Hyderabad,7.84,21.21,8.48,15.62,8.61,25.87,0.1,3.68,36.93
11-06-2017,Hyderabad,7.85,18.39,8.52,15.56,7.49,14.78,0.09,2.04,27.75
12-06-2017,Hyderabad,5.56,11.67,8.02,8.47,5.4,11.35,0.07,3.57,27.08
13-06-2017,Hyderabad,6.92,16.59,6.55,17.19,11.45,8.59,0.13,4.03,42.25
14-06-2017,Hyderabad,19.65,42.88,7.29,16.5,8.82,8.01,0.25,3.87,54.73
15-06-2017,Hyderabad,13.54,30.33,7.07,18.12,8.71,6.99,0.21,3.98,48.18
16-06-2017,Hyderabad,9.71,21.19,7.47,14.66,7.72,8.52,0.19,3.1,50.2
17-06-2017,Hyderabad,13.07,35.43,7.13,16.86,8.45,5.11,0.23,4.67,52.04
18-06-2017,Hyderabad,12.88,33.71,7.04,15.24,6.91,4.9,0.17,4.33,54.45
19-06-2017,Hyderabad,7.61,18.66,7.27,11.6,5.97,9.89,0.17,3.95,40.17
20-06-2017,Hyderabad,7.38,23.73,7.42,12.26,6.26,5.71,0.14,3.67,39.37
21-06-2017,Hyderabad,8.66,29.59,7.47,14.39,6.86,4.72,0.14,11.12,37.42
22-06-2017,Hyderabad,11.4,39.16,11.21,18,9.3,4.94,0.16,4.17,27.54
23-06-2017,Hyderabad,11.48,37.59,8.5,15.64,8.41,5.32,0.18,5.22,29.81
24-06-2017,Hyderabad,10.85,39.43,9.06,11.31,6.69,4.9,0.16,5.26,34.33
25-06-2017,Hyderabad,11.81,37.65,7.56,13.1,6.56,4.48,0.15,5.17,35.59
26-06-2017,Hyderabad,11.79,38.79,7.45,10.8,5.9,4.3,0.14,5.22,33.43
27-06-2017,Hyderabad,11.82,36.34,7.7,11.63,5.34,3.92,0.09,5.31,31.88
28-06-2017,Hyderabad,8.84,29.13,6.69,14.13,5.9,3.78,0.09,13.04,31.16
29-06-2017,Hyderabad,10.38,39.46,7.44,12.42,6.26,3.53,0.18,5.66,32.42
30-06-2017,Hyderabad,13.08,53.54,7.23,11.15,5.9,3.45,0.14,5.22,33.21
01-07-2017,Hyderabad,10.98,42.56,8.77,12.28,6.83,3.54,0.14,3.86,32.5
02-07-2017,Hyderabad,9.75,37.86,7.21,11.87,6.08,3.36,0.13,6.13,31.55
03-07-2017,Hyderabad,11.8,46.69,12.34,13.33,9.32,3.46,0.17,6.91,32.11
04-07-2017,Hyderabad,15.53,48.65,7.46,13.28,6.56,3.57,0.15,13.54,29.3
05-07-2017,Hyderabad,10.4,37,7.39,12.88,6.43,3.23,0.16,13.72,30.35
06-07-2017,Hyderabad,14.66,45.03,7.62,14.12,6.91,3.63,0.18,7.07,29.56
07-07-2017,Hyderabad,14.77,43.48,8.25,16.09,7.86,4.21,0.17,5.99,30.48
08-07-2017,Hyderabad,18.19,55.27,7.48,15.37,7.12,5,0.15,6.05,34.11
09-07-2017,Hyderabad,18.1,47.47,7.34,14.82,6.92,4.05,0.16,6.71,32.87
10-07-2017,Hyderabad,15,39.94,7.91,17.03,7.62,8.73,0.19,7.42,29.39
11-07-2017,Hyderabad,19.31,59.13,8.31,16.31,7.71,4.66,0.16,6.56,26.9
12-07-2017,Hyderabad,14.29,47.25,7.8,15.3,7.23,5.08,0.15,5.86,29.41
13-07-2017,Hyderabad,14.49,42.92,7.93,12.53,6.55,4.91,0.17,5.98,28.55
14-07-2017,Hyderabad,13.9,35.06,8.34,13.56,6.99,4.76,0.14,5.01,27.6
15-07-2017,Hyderabad,16.53,63.46,7.95,11.48,6.15,6.42,0.14,6.85,29.24
16-07-2017,Hyderabad,10.24,34.05,6.76,8.45,4.41,25.84,0.17,6.48,34.63
17-07-2017,Hyderabad,10.78,27.38,6.78,12.06,5.95,18.71,0.16,4.3,31.84
18-07-2017,Hyderabad,8.48,18.17,5.28,10.62,4.97,5.02,0.15,2.97,26.27
19-07-2017,Hyderabad,5.72,14.48,5.47,12.4,5.52,4.38,0.15,3.27,25
20-07-2017,Hyderabad,6.54,16.81,5.06,9.5,4.58,4.54,0.14,3.09,26.17
21-07-2017,Hyderabad,10.83,34.66,5.01,9.71,4.57,4.26,0.15,4.23,28.25
22-07-2017,Hyderabad,13.37,53.26,3.28,10.08,4.21,4.02,0.15,5.05,29.49
23-07-2017,Hyderabad,15.97,66.76,4.89,11.72,5.1,3.86,0.15,2.96,31.42
24-07-2017,Hyderabad,15.62,52.3,5.29,12.84,5.46,6.52,0.15,4.5,29.9
25-07-2017,Hyderabad,14.04,56.61,5.28,10.9,5.85,10.26,0.17,4.66,25.83
26-07-2017,Hyderabad,16.55,61.4,4.27,12.98,5.39,8.11,0.18,4.65,28.42
27-07-2017,Hyderabad,14.43,49,5.51,13.97,5.99,4.87,0.16,6.12,28.62
28-07-2017,Hyderabad,12.62,41.75,9.44,14.04,7.7,5.12,0.17,3.6,26.67
29-07-2017,Hyderabad,15.28,47.66,7.99,14.93,8.08,4.83,0.17,4.23,29.08
30-07-2017,Hyderabad,17.5,60.16,8.1,16.64,9.26,5.66,0.2,5.83,27.97
31-07-2017,Hyderabad,17.42,57.47,7.22,18.87,10.08,5.48,0.21,5.04,28.83
01-08-2017,Hyderabad,16.85,49.6,6.08,17,8.77,5.26,0.21,5.57,27.81
02-08-2017,Hyderabad,16.78,54.83,5.31,13.74,5.93,5.69,0.2,10.67,26.03
03-08-2017,Hyderabad,11.79,34.3,5.24,10.34,4.8,8.63,0.17,5.77,22.38
04-08-2017,Hyderabad,13.35,44.95,8.9,18.12,8.43,7.5,0.17,5.55,24.55
05-08-2017,Hyderabad,20.34,64.87,8.67,20.12,8.91,7.81,0.18,6.57,27.34
06-08-2017,Hyderabad,23.03,80.57,8.85,22.47,9.57,8.34,0.17,14.85,28.27
07-08-2017,Hyderabad,26.22,81.09,9.46,21.64,9.62,8.4,0.23,4.69,25.05
08-08-2017,Hyderabad,24.87,68.32,9.91,19.65,8.13,11.54,0.22,6.76,24.75
09-08-2017,Hyderabad,20.47,43.45,8.32,16.75,6.94,8.63,0.27,3.85,25.82
10-08-2017,Hyderabad,14.91,32.93,7.46,11.51,5.8,7.58,0.19,5.41,23.33
11-08-2017,Hyderabad,17.76,44.97,11.98,15.61,9.04,6.9,0.24,6.22,32.72
12-08-2017,Hyderabad,15.1,36.13,9.48,14.19,8.64,6.12,0.25,5.1,32.06
13-08-2017,Hyderabad,17.08,37.86,9.71,15.64,9.5,6.28,0.22,4.33,26.67
14-08-2017,Hyderabad,20.36,40.24,8.48,14.29,7.96,6.99,0.23,5.62,29.5
15-08-2017,Hyderabad,16.4,44.14,8.25,13.37,8.5,4.82,0.22,5.23,28.81
16-08-2017,Hyderabad,20.12,56.17,7.78,12.73,6.88,4.92,0.18,4.97,32.41
17-08-2017,Hyderabad,21.77,76.01,7.96,15.13,7.23,6,0.17,5.32,32.76
18-08-2017,Hyderabad,26.6,80.23,8.15,16.09,7.37,5.61,0.17,4.95,29.62
19-08-2017,Hyderabad,17.35,36.53,7.61,11.78,5.8,5.09,0.12,4.84,32.33
20-08-2017,Hyderabad,7.42,10.54,6.9,8.85,5.15,4.45,0.15,4.18,37.5
21-08-2017,Hyderabad,10.89,26.2,5.41,11.31,5.21,4.27,0.16,4.88,38.36
22-08-2017,Hyderabad,12.56,37.28,10.15,15.13,8.15,4.52,0.19,6.04,31.68
23-08-2017,Hyderabad,15.41,54.16,9.06,16.07,7.95,4.72,0.16,5.01,31.8
24-08-2017,Hyderabad,23.63,60.91,6.7,17.43,7.09,5.14,0.21,4.59,31.39
25-08-2017,Hyderabad,13.53,32.41,7.91,11.42,6.48,8.07,0.18,3.8,33.12
26-08-2017,Hyderabad,11.58,21.88,7.99,9.53,6.55,9.01,0.12,3.99,31.66
27-08-2017,Hyderabad,13.1,22.77,7.64,10.5,5.99,6.07,0.17,4.87,30.92
28-08-2017,Hyderabad,8.26,12.31,7.31,9.12,5.48,6.84,0.17,4.25,31.84
29-08-2017,Hyderabad,6.57,11.4,7.4,9.26,5.74,6.45,0.12,4.4,35.24
30-08-2017,Hyderabad,12.26,33.08,7.27,10.14,5.8,5.73,0.17,4.36,32.5
31-08-2017,Hyderabad,14.63,49.77,8.41,13.14,7.37,6.68,0.21,12.8,30.67
01-09-2017,Hyderabad,19.92,63.66,9.38,14.34,7.62,5.56,0.23,5.16,35.74
02-09-2017,Hyderabad,24.42,75.72,12.83,16.47,9.59,6.44,0.22,13.58,32.11
03-09-2017,Hyderabad,12.96,37.21,7.66,12,6.23,8.13,0.17,6.44,33.41
04-09-2017,Hyderabad,17.26,49.36,8.5,16.95,7.97,4.95,0.21,4.92,33.5
05-09-2017,Hyderabad,19.86,62.12,8.01,14.47,6.99,5.61,0.18,5.04,41.28
06-09-2017,Hyderabad,29.32,70.96,10.13,19.22,8.58,5.72,0.19,4.97,24.76
07-09-2017,Hyderabad,40.82,80.64,13.1,19.8,10.17,7.5,0.21,5.23,32.88
08-09-2017,Hyderabad,32.63,58.94,9.14,19.17,8.14,6.64,0.18,4.57,39.66
09-09-2017,Hyderabad,32.88,57.8,7.56,15.23,6.52,5.53,0.19,5.02,41.62
10-09-2017,Hyderabad,18.58,41.91,7.95,15.66,6.21,5.51,0.09,3.32,31.82
11-09-2017,Hyderabad,12.34,30.25,8.08,15.36,8.43,5.37,0.21,4.19,32.15
12-09-2017,Hyderabad,10.33,27.36,7.92,15.27,7.46,4.47,0.11,4.17,33.02
13-09-2017,Hyderabad,17.29,36.34,8.63,17.06,7.56,6.1,0.07,5.03,30.88
14-09-2017,Hyderabad,10.44,17.55,8.51,15.62,7.61,4.67,0.05,5.09,34.13
15-09-2017,Hyderabad,12.64,27.69,7.97,15.22,7.29,4,0.06,4.68,38
16-09-2017,Hyderabad,10.27,19.92,7.38,13.77,6.37,3.71,0.06,13.08,34.23
17-09-2017,Hyderabad,15.67,27.18,10.04,12.72,4.23,3.75,0.04,3.3,31.75
18-09-2017,Hyderabad,9.17,16.29,6.94,10.48,5.36,3.25,0.04,4.37,34.2
19-09-2017,Hyderabad,10.28,19.23,7.19,10.5,5.22,3.21,0.05,4.24,38.84
20-09-2017,Hyderabad,9.76,24.64,6.79,10.86,5.52,3.22,0.05,5.12,41.74
21-09-2017,Hyderabad,14.88,28.99,6.92,11.41,5.8,3.37,0.05,4.06,37.47
22-09-2017,Hyderabad,20.5,35.75,7.3,15.36,8.05,4.29,0.03,4.59,36.6
23-09-2017,Hyderabad,29.61,63.17,8.27,17.97,12.7,6.2,0,5.13,30.97
24-09-2017,Hyderabad,42,108.57,11.42,19.98,16.16,7.18,0,5.99,29.73
25-09-2017,Hyderabad,39.68,87.46,9.51,20.38,12.1,6.51,0,5.73,29.35
26-09-2017,Hyderabad,45.69,98.84,9.31,20.98,10.8,11.57,0,7.2,29.15
27-09-2017,Hyderabad,50.36,108.16,9.68,23.27,11.18,12.83,0,6.41,28.45
28-09-2017,Hyderabad,45.9,74.16,9.79,20.69,12.51,9.45,0,5.29,28.01
29-09-2017,Hyderabad,41.57,58.36,8.34,18.5,10.13,8.29,0,4.87,31.95
30-09-2017,Hyderabad,41.26,61.2,8.11,17.45,8.92,9.81,0,5.4,34.25
01-10-2017,Hyderabad,31.08,50.52,1.24,11.81,2.95,10.65,0.26,5.12,29.4
02-10-2017,Hyderabad,24.6,31.41,10.81,11.9,4.8,9.43,0.16,3.37,32.57
03-10-2017,Hyderabad,24.16,36.84,11.69,18.96,9.81,9.53,0.34,6.88,34.69
04-10-2017,Hyderabad,49.75,77.06,16.68,22.44,11.72,11.28,0.66,10.46,39.92
05-10-2017,Hyderabad,55.88,89.52,16.52,22.79,11.45,12.98,0.33,8.94,43.05
06-10-2017,Hyderabad,28.48,54.04,11.38,19.44,8.09,10.26,0.21,5.7,32.82
07-10-2017,Hyderabad,22.6,46.38,18.91,24.12,12.33,12.27,0.57,7.36,43.87
08-10-2017,Hyderabad,32.08,42.02,10.47,24.14,10.59,8.02,0.29,19.21,36.8
09-10-2017,Hyderabad,25.79,41.72,7.6,17.7,6.49,9.24,0.36,4.24,41.5
10-10-2017,Hyderabad,28.04,46.53,26.06,24.18,6.08,8.55,0.1,8.63,70.62
11-10-2017,Hyderabad,27.38,51.78,6.99,25.01,4.63,9.16,0.19,4.3,43.76
12-10-2017,Hyderabad,41.74,69.1,13.72,26.83,5.04,9.37,0.11,4.2,54.35
13-10-2017,Hyderabad,20.48,39.46,8.45,19.29,3.15,8.93,0.08,2.36,79.99
14-10-2017,Hyderabad,33.32,60.37,10.84,25.1,3.74,12.38,0.1,2.46,63.15
15-10-2017,Hyderabad,35.59,61.1,18.84,22.1,3.41,11.88,0.06,4.4,57.62
16-10-2017,Hyderabad,81.29,154.52,8.32,45.32,3.45,9.97,0.1,18.9,72.46
17-10-2017,Hyderabad,72.18,133.53,9.92,36.5,4.69,18.24,0.15,11.19,67.21
18-10-2017,Hyderabad,69.53,137.82,14.42,34.49,5.58,12.5,0.12,4.82,56.47
19-10-2017,Hyderabad,75.46,144.81,8.76,30.6,10.71,11.56,0.31,5.43,57.92
20-10-2017,Hyderabad,78.69,112.82,7.65,20.04,3.38,11.43,0.06,2.02,84.66
21-10-2017,Hyderabad,67.18,105.44,7.91,18.74,5.46,10.7,0.1,10.49,81.47
22-10-2017,Hyderabad,65.39,98.82,7.56,17.27,2.55,10.52,0.07,3.29,68.38
23-10-2017,Hyderabad,53.78,83.34,7.98,21.46,5.48,12.09,0.19,5.28,53.28
24-10-2017,Hyderabad,63.35,97.66,8.24,24.35,2.17,14.58,0.06,5.02,40.66
25-10-2017,Hyderabad,74.57,159.54,7.74,48.16,1.55,13.04,0.03,9.07,107.68
26-10-2017,Hyderabad,66.55,139.05,7.17,34.37,1.84,10.82,0.04,6.6,71.63
27-10-2017,Hyderabad,64.05,146.09,16.51,24.22,2.33,11.84,0.08,13.15,18.11
28-10-2017,Hyderabad,71.27,163.27,8.06,40.69,2.4,14.51,0.08,11.15,80.8
29-10-2017,Hyderabad,70.46,147.82,14.32,25.47,4.19,14.16,0.12,7.7,58.83
30-10-2017,Hyderabad,66.92,144.485,13.21,34.42,0,13.55,0,12.245,56.25
31-10-2017,Hyderabad,63.38,141.15,12.1,43.37,32.64,14.57,0.79,16.79,53.67
01-11-2017,Hyderabad,68.21,149.12,14.71,46.37,36.6,14.02,1.19,14.94,58.62
02-11-2017,Hyderabad,69.73,141.02,9.19,37.68,27.41,15.88,1.06,17.59,63.67
03-11-2017,Hyderabad,66.51,126.96,10.34,37.44,27.54,16.61,1.04,20.33,55.23
04-11-2017,Hyderabad,49.62,97.93,9.76,35.86,23.05,16.9,0.58,13.5,51.23
05-11-2017,Hyderabad,32.45,68.47,9.03,31.18,19.93,13.16,0.52,13.78,47.67
06-11-2017,Hyderabad,29.33,67.08,11.54,39.1,25.12,11.21,0.58,15.11,43.64
07-11-2017,Hyderabad,34.96,81.64,15.51,43.63,29.83,13.12,0.68,11.95,43.46
08-11-2017,Hyderabad,38.84,82.74,9.92,40.59,24.69,14.87,0.57,17.4,54.87
09-11-2017,Hyderabad,39.57,84.55,10.16,39.12,25.68,12.97,0.59,16.53,50.7
10-11-2017,Hyderabad,44.44,83.57,10.18,35.39,27.05,14.36,0.59,22.05,55.83
11-11-2017,Hyderabad,61.84,115.98,8.87,42.21,29.64,16.04,0.63,27.55,71.54
12-11-2017,Hyderabad,57.58,109.26,8.88,42.84,29.99,15.71,0.74,21.15,53.74
13-11-2017,Hyderabad,55.36,107.88,9.34,37.83,27.59,16.47,0.74,17.25,59.62
14-11-2017,Hyderabad,58.41,118.47,10.25,39.01,28.97,19.2,0.83,20.01,44.16
15-11-2017,Hyderabad,51.08,100.21,8.07,36.07,25.3,22.73,0.68,16.76,48.8
16-11-2017,Hyderabad,41.31,82.13,11.53,34.29,27.1,22.81,0.58,13.31,43.11
17-11-2017,Hyderabad,37.72,80.34,9.97,33.87,25.49,15.71,0.61,14.81,37.36
18-11-2017,Hyderabad,66.82,71.59,10.05,32.58,24.83,13.28,0.65,11.42,37.79
19-11-2017,Hyderabad,36.53,77.41,9.41,34.18,25.29,15.87,0.72,10.46,39.81
20-11-2017,Hyderabad,43.64,89.51,7.6,36.84,25.21,14.27,0.82,10.05,42.8
21-11-2017,Hyderabad,44.65,87.99,10.73,39.07,28.86,15.12,0.81,8.34,40.93
22-11-2017,Hyderabad,40.48,75.97,6.79,32.25,22.12,13.03,0.7,14.21,51
23-11-2017,Hyderabad,96.83,88.36,11.04,37.91,28.39,14.6,0.76,18.61,39.92
24-11-2017,Hyderabad,69.5,125.61,6.26,35.4,23.41,18.59,0.76,12.78,60.26
25-11-2017,Hyderabad,70.91,133.01,5.34,37.5,24.28,16.11,0.71,13.35,68.38
26-11-2017,Hyderabad,84.08,137.59,8.98,50.36,31.34,20,0.9,10.47,52.91
27-11-2017,Hyderabad,73.25,145.39,9.81,52.99,33.05,16.73,0.86,15.16,55.76
28-11-2017,Hyderabad,91.39,144.06,10.31,54.18,36.36,14.78,0.9,16.7,56.56
29-11-2017,Hyderabad,66.49,122.5,7.04,45.7,29.33,13.66,0.81,15,67.32
30-11-2017,Hyderabad,64.72,121.51,9.05,45.03,30.5,13.13,0.82,14.09,60.26
01-12-2017,Hyderabad,70.03,128.64,8.67,37.15,26.11,16.99,0.8,14.25,59.62
02-12-2017,Hyderabad,69.44,123.66,7.02,35.14,23.91,16.25,0.76,10.97,65.3
03-12-2017,Hyderabad,70.83,125.86,7.22,38.05,25.61,13.39,0.8,9.54,63.84
04-12-2017,Hyderabad,70.47,119.15,6.46,37.31,24.68,14.3,0.78,12.21,67.63
05-12-2017,Hyderabad,58.07,96.64,6.29,29.67,20.52,13.51,0.7,13.2,60.14
06-12-2017,Hyderabad,51.81,85.9,6,30.32,20.6,13.05,0.72,13.15,48.64
07-12-2017,Hyderabad,69.33,127.59,7.77,40.86,27.61,14.4,0.91,16.11,48.33
08-12-2017,Hyderabad,74.79,153.15,2.82,39.18,22.87,15.55,0.8,24.61,61.72
09-12-2017,Hyderabad,67.7,149.05,3.04,38.26,22.57,14.5,0.77,19.03,59.43
10-12-2017,Hyderabad,48.99,108.63,4.44,37.26,23.47,11.86,0.69,22.76,39.78
11-12-2017,Hyderabad,55.7,117.26,8.39,48.48,32.65,12.57,1.05,22.48,44.73
12-12-2017,Hyderabad,66.78,140.38,12.01,62.23,42.71,16.12,1.19,12.94,54.6
13-12-2017,Hyderabad,69.33,136.56,7.91,50.13,33.14,20.13,1,8.51,48.7
14-12-2017,Hyderabad,66.12,120.92,2.4,39.48,22.84,18.6,0.92,7.88,48.56
15-12-2017,Hyderabad,68.48,119.88,3.5,38.85,23.42,18.09,0.77,7.52,42.62
16-12-2017,Hyderabad,68.87,131.11,7.78,48.12,31.68,15.3,0.88,8.56,42.31
17-12-2017,Hyderabad,71.38,142.76,8.44,47.26,31.63,15.98,0.8,12.3,46.91
18-12-2017,Hyderabad,73.33,143.78,3.67,37.36,23.1,16.89,0.59,22.04,56.42
19-12-2017,Hyderabad,59.35,130.67,8.22,49.48,32.53,14.23,0.7,24.06,45.37
20-12-2017,Hyderabad,88.14,152.17,16.01,67.71,48.21,17.75,1.33,21.88,43
21-12-2017,Hyderabad,74.94,148.17,18.07,68.63,50.51,20.76,1.4,16.67,51.64
22-12-2017,Hyderabad,130.23,162,21.37,73.32,55.73,24.14,1.4,16.21,50.01
23-12-2017,Hyderabad,82.05,170.76,10.07,65.66,42.69,24.8,1.26,15.01,57.5
24-12-2017,Hyderabad,79.19,156.46,9.99,63.74,41.56,25.5,1.14,10.11,47.69
25-12-2017,Hyderabad,76.47,144.94,8.37,56.9,36.68,24.11,1.13,8.51,38.5
26-12-2017,Hyderabad,76.08,151.9,8.2,53.18,34.06,24.77,0.87,18.35,53.45
27-12-2017,Hyderabad,63.18,129.4,6.1,55.68,34.05,17.06,0.85,16.26,47.38
28-12-2017,Hyderabad,68.65,139.18,10.23,60.71,39.96,16.52,0.93,14.18,47.22
29-12-2017,Hyderabad,112.35,152.12,12.65,67.12,45.17,18.82,1.09,10.66,49.58
30-12-2017,Hyderabad,65.09,132.99,15.07,67.32,47.61,17.46,1.1,9.62,41.64
31-12-2017,Hyderabad,68.45,126.76,13.13,62.26,43.33,18.74,1.02,8.17,39.55
01-01-2018,Hyderabad,57.7,119.64,10.55,54.46,36.98,25.09,0.99,11.25,38.93
02-01-2018,Hyderabad,68.55,135.87,5.81,51.51,31.23,22.84,0.92,9.44,51.26
03-01-2018,Hyderabad,77.77,149.51,5.35,46.8,28.9,23.34,0.83,10.52,56.84
04-01-2018,Hyderabad,79.18,164.76,10.82,60.89,40.67,25.77,1,17.34,58.03
05-01-2018,Hyderabad,76.33,160.28,12.4,63.88,41.36,23.67,1.05,15.67,52.74
06-01-2018,Hyderabad,73.15,150.95,9.24,63.11,40.73,23.17,1.1,12.81,47.04
07-01-2018,Hyderabad,72.41,144.54,8.91,55.39,36.43,22.16,1.03,11.62,50.17
08-01-2018,Hyderabad,72.66,141.46,7.08,51.85,33.01,19.8,0.98,9.28,52.61
09-01-2018,Hyderabad,77.65,160.44,6.41,53.96,33.53,22.57,0.95,10.51,57.35
10-01-2018,Hyderabad,74.08,158.74,7.01,53.36,33.57,22.15,1.03,12.71,56.34
11-01-2018,Hyderabad,76.19,162.88,7.06,59.3,36.87,24.42,1.04,17.13,55.98
12-01-2018,Hyderabad,74.76,159.96,10.88,64.97,43,25.98,1.09,17.29,52.03
13-01-2018,Hyderabad,70.48,157,12.85,59.98,41.95,22.44,1.19,20.89,49.6
14-01-2018,Hyderabad,72.38,141.02,14.16,54.79,40.04,23.14,1.16,13.76,48.64
15-01-2018,Hyderabad,70.98,115.26,3.98,37.89,23.11,23.39,0.83,7.43,50.02
16-01-2018,Hyderabad,65.1,126.51,5.75,39.7,25.41,24.56,0.92,9.12,43.58
17-01-2018,Hyderabad,64.2,128.06,6.13,45.06,28.58,22.08,0.87,10.5,45.85
18-01-2018,Hyderabad,65.86,141.85,11.21,55.84,38.39,25.42,0.99,13.02,37.53
19-01-2018,Hyderabad,61.1,139.54,10.99,56.03,38.21,22.32,0.9,17.29,38.71
20-01-2018,Hyderabad,64.18,143.85,12.5,60.93,42.06,27.24,1,23.32,45.46
21-01-2018,Hyderabad,68.52,140.77,9.93,56.67,37.92,25.79,0.95,13.76,44.16
22-01-2018,Hyderabad,72.01,142.1,5.81,50.74,31.43,25.72,0.89,9.28,52.29
23-01-2018,Hyderabad,60.4,117.57,4.36,46.04,27.83,19.96,0.71,6.93,47.74
24-01-2018,Hyderabad,67.07,131.41,4.69,42.71,26.3,24.15,0.71,9.52,45.11
25-01-2018,Hyderabad,68.8,155.17,12.11,54.52,38.56,23.83,0.89,16.47,45.4
26-01-2018,Hyderabad,66.84,155.11,9.3,56.49,37.18,24.19,0.91,19.6,52.7
27-01-2018,Hyderabad,69.43,156.79,7.53,55.38,34.93,26.28,1.45,13.62,52.9
28-01-2018,Hyderabad,68.84,145.17,6.26,49.3,30.72,25.13,0.85,9.02,48.76
29-01-2018,Hyderabad,67.69,149.79,5.49,46.08,28.63,23.34,0.84,8.69,50.19
30-01-2018,Hyderabad,59.46,152.71,7.61,51.91,33.46,20.35,0.68,16.9,51.92
31-01-2018,Hyderabad,53.45,141.76,14.36,59.99,44.33,20.39,1,20.33,40.67
01-02-2018,Hyderabad,50.88,129.95,33.83,67.8,63.29,24.5,1.1,22.37,36.26
02-02-2018,Hyderabad,47.46,120.39,21.51,68.01,53.44,21.65,0.99,16.85,36.32
03-02-2018,Hyderabad,43.48,115.8,6.47,53.31,33.42,20.36,0.8,9.51,50.3
04-02-2018,Hyderabad,39.14,105.44,4.91,41.49,25.66,22.91,0.73,9.46,54.21
05-02-2018,Hyderabad,41.79,112.02,6.03,43.96,29.17,25.26,0.73,8.16,56.47
06-02-2018,Hyderabad,48.86,124.69,13.91,58.09,40.94,23,0.86,9.68,36.51
07-02-2018,Hyderabad,56.76,135.34,22.03,72.8,56.56,24.6,0.99,13.6,39.53
08-02-2018,Hyderabad,46.18,105.04,14.55,59.37,42.94,28.79,0.84,13.52,34.55
09-02-2018,Hyderabad,50.05,116.97,14.25,55.81,38.89,35.08,0.87,13.92,35.92
10-02-2018,Hyderabad,52.28,119.66,7.15,53.5,32.19,37.24,0.82,13.07,29.39
11-02-2018,Hyderabad,50.55,88.76,3.74,28.9,17.89,27.82,0.6,8.55,34.88
12-02-2018,Hyderabad,54.34,87.6,3.15,20.55,12.99,27.37,0.61,6.61,38.74
13-02-2018,Hyderabad,46.38,85.63,2.89,31.98,16.16,54.44,0.61,6.53,44.34
14-02-2018,Hyderabad,50.52,100.95,4.19,44.77,22.99,35.31,0.76,8.3,46.28
15-02-2018,Hyderabad,52.88,118.54,6.74,48.93,29.9,23.72,0.84,12.88,46.88
16-02-2018,Hyderabad,51.84,116.94,8.45,51.24,33.77,20.48,0.81,17.02,41.68
17-02-2018,Hyderabad,49.86,121.32,10.09,60.23,39.91,20.36,0.92,20.36,39.46
18-02-2018,Hyderabad,55.87,126.08,10.42,58.63,39.49,21.29,1.02,10.27,47.42
19-02-2018,Hyderabad,46.22,112.55,4.17,44.16,26.69,20.45,0.77,7.39,53.02
20-02-2018,Hyderabad,47.64,101.62,4.48,41.75,25.68,20.08,0.74,6.36,50.85
21-02-2018,Hyderabad,54.76,118.2,5.07,46.91,28.9,20.29,0.85,7.37,47.88
22-02-2018,Hyderabad,57.85,131.06,4.83,49.21,29.91,18.86,0.88,8.69,46.5
23-02-2018,Hyderabad,56.99,125.93,5.72,48,30,18.56,0.85,8.18,48.94
24-02-2018,Hyderabad,43.57,112.47,4.92,43.62,27.02,17.34,0.7,8.22,45.22
25-02-2018,Hyderabad,43.37,105.66,8.22,51.65,33.9,18.26,0.76,7.54,33.06
26-02-2018,Hyderabad,56.87,119.73,22.13,65.82,52.86,19.58,1.09,9.89,40.48
27-02-2018,Hyderabad,57.66,123.59,20.92,67.65,52.81,19.27,1.16,14.95,40.86
28-02-2018,Hyderabad,62.25,139.53,20.73,70.43,54.05,22.7,1.3,12.91,41.99
01-03-2018,Hyderabad,54.84,127.04,14.31,65.26,46.13,21.27,1.12,11.14,37.91
02-03-2018,Hyderabad,52.72,120.49,10.11,56.01,37.83,21.27,1.06,10.18,43.91
03-03-2018,Hyderabad,51.59,122,4.25,45.04,27.24,23.4,0.88,9.79,53.05
04-03-2018,Hyderabad,54.72,116.74,7.81,49.19,32.28,20.81,0.94,9.17,50.33
05-03-2018,Hyderabad,47.44,111.76,4.59,45.37,27.82,20.49,0.89,8.88,48.64
06-03-2018,Hyderabad,47.97,104.93,3.86,38.91,23.52,19.42,0.74,9.83,56.45
07-03-2018,Hyderabad,50.78,101.89,5.37,43.04,26.99,21.37,0.79,7.58,53.66
08-03-2018,Hyderabad,53.81,114.59,6.73,49.93,31.44,22.9,0.92,7.22,45.08
09-03-2018,Hyderabad,57.28,120.43,4.89,52.67,31.79,21.26,0.96,6.03,45.57
10-03-2018,Hyderabad,66.37,133.3,4.83,49.74,30.19,23.5,1.02,7.24,50.9
11-03-2018,Hyderabad,53.02,108.18,2.68,35.56,20.92,19.08,0.79,6.94,57.23
12-03-2018,Hyderabad,38.87,96.19,3.74,40.44,24.38,17.31,0.67,5.14,44.39
13-03-2018,Hyderabad,39.69,87.82,4.44,41.84,25.69,18.14,0.71,5.62,42.72
14-03-2018,Hyderabad,47.34,101.24,5.1,45.05,27.97,19.71,0.85,7.43,49.57
15-03-2018,Hyderabad,47.88,103.11,3.96,37.4,22.92,19.38,0.77,8.79,48.41
16-03-2018,Hyderabad,60.25,134.44,3.98,39.37,23.98,23.84,0.86,14.59,43.99
17-03-2018,Hyderabad,51,78.33,3.01,33.36,20.02,22.04,0.76,5.86,47.12
18-03-2018,Hyderabad,41.38,71.63,4.13,32.85,20.64,19.52,0.7,4.84,37.7
19-03-2018,Hyderabad,48.07,92.55,4.21,41.03,25.09,17.35,0.83,5.87,48.04
20-03-2018,Hyderabad,54.74,102.17,5.57,47.03,29.2,22.3,0.87,7.01,47.14
21-03-2018,Hyderabad,57.87,118.46,3.95,45.49,27.17,20.87,0.89,11.32,45.92
22-03-2018,Hyderabad,57.07,139.34,8.9,52.52,34.8,22.99,0.86,13.35,32.33
23-03-2018,Hyderabad,56.64,146.7,13.11,58.35,41.43,23.52,1.01,16.25,36.12
24-03-2018,Hyderabad,59.91,149.81,12.22,63.27,43.32,25.07,1.05,16.63,39.62
25-03-2018,Hyderabad,71.4,150.7,5.3,49.1,30.11,25.92,0.98,10.47,43.09
26-03-2018,Hyderabad,61.47,126.86,3.49,39.51,23.68,20.6,0.84,7.69,44.76
27-03-2018,Hyderabad,59.53,124.78,3.6,44.63,26.49,18.75,0.79,9.57,50.92
28-03-2018,Hyderabad,53.11,113.07,3.09,40.84,24.05,17.08,0.75,9.65,51.24
29-03-2018,Hyderabad,62.27,135.91,4.41,48.19,28.94,20.47,0.91,9.33,48.28
30-03-2018,Hyderabad,54.62,114.81,2.56,40.32,23.3,20.25,0.81,7.54,45.56
31-03-2018,Hyderabad,50.15,112.36,3.36,41.99,24.83,16.41,0.83,7.47,49.61
01-04-2018,Hyderabad,43.05,89.8,3.18,31.47,19.08,17.57,0.63,5.79,48.2
02-04-2018,Hyderabad,37.91,75.96,6.94,38.98,26.19,14.88,0.72,5.28,44
03-04-2018,Hyderabad,51.35,97.31,4.2,40.96,24.93,16.65,0.78,5.64,41
04-04-2018,Hyderabad,44.94,91.88,4.18,39.39,24.13,15.22,0.72,5.82,50.85
05-04-2018,Hyderabad,41.51,86.82,4.05,36.55,22.52,14.68,0.67,4.72,43.49
06-04-2018,Hyderabad,46.87,103.01,4.94,42.39,26.36,14.83,0.74,5.68,46.02
07-04-2018,Hyderabad,35.9,79.03,7.78,50.76,32.78,22.05,0.76,9.13,49
08-04-2018,Hyderabad,30.27,61.55,4.55,35.94,22.43,21.88,0.67,5.05,44.24
09-04-2018,Hyderabad,40.26,91.86,9.17,41.16,28.67,22.13,0.71,6.94,47.22
10-04-2018,Hyderabad,35.54,97.46,6.05,38.69,25.31,17.63,0.79,6.42,37.75
11-04-2018,Hyderabad,27.63,72.09,5,31.01,20.42,16.36,0.68,6.12,31.17
12-04-2018,Hyderabad,31.58,79.04,5.41,42.54,26.69,18.9,0.67,7.29,38.29
13-04-2018,Hyderabad,25.24,66.21,4.14,33.9,21.17,14.74,0.56,5.19,38.8
14-04-2018,Hyderabad,23.05,58.22,3.65,30.02,18.73,14.1,0.69,4.9,40.13
15-04-2018,Hyderabad,29.71,63.54,4.63,31.86,20.46,14.46,0.83,5.47,27.82
16-04-2018,Hyderabad,45.86,103.38,8.95,45.36,31.05,17.51,0.9,8.34,36.09
17-04-2018,Hyderabad,34.29,90.45,4.8,38.79,23.94,13.38,0.72,5.64,41.82
18-04-2018,Hyderabad,37.19,92.25,5.22,35.18,22.78,17.25,0.61,9.98,45.82
19-04-2018,Hyderabad,43.52,118.3,11.25,44.05,32.35,14.75,0.77,10.51,39.18
20-04-2018,Hyderabad,42.38,120.61,14.73,44.88,35.01,14.67,0.86,9.2,37.27
21-04-2018,Hyderabad,49.14,139.55,14.17,51.13,38.23,19.44,0.9,10.1,31.15
22-04-2018,Hyderabad,42.97,110.65,4.45,39.3,24.29,16.81,0.75,7.55,43.31
23-04-2018,Hyderabad,33.12,80.06,2.99,28.02,17,15.06,0.56,6.52,49.31
24-04-2018,Hyderabad,33.09,95.19,3.63,35.48,21.62,13.69,0.54,6.92,51.74
25-04-2018,Hyderabad,35.61,86.24,2.81,29.59,17.69,15.82,0.6,6.07,53.56
26-04-2018,Hyderabad,38.11,92.67,3.23,35.66,21.42,13.51,0.62,6.99,52.61
27-04-2018,Hyderabad,39.78,99.47,3.35,35.85,21.56,13.68,0.68,7.12,52.49
28-04-2018,Hyderabad,39.85,86.22,2.74,30.66,18.35,11.79,0.52,6.84,46.38
29-04-2018,Hyderabad,43.44,95.6,3.02,30.99,18.74,12.35,0.59,7.72,49.28
30-04-2018,Hyderabad,44.84,106.84,7.3,39.52,26.63,17.29,0.7,9.74,44.31
01-05-2018,Hyderabad,43.83,133.09,2.21,32.08,20.1,15.39,0.57,7.94,45.47
02-05-2018,Hyderabad,36.08,95.82,5.67,31.21,18.75,15.34,0.7,5.92,48.88
03-05-2018,Hyderabad,31.39,86.12,3.83,27.73,16.39,14.98,0.56,5.45,48.87
04-05-2018,Hyderabad,19.59,48.18,4.72,31.67,20.45,12.8,0.62,6.1,50.95
05-05-2018,Hyderabad,28.81,68.37,2.77,30.11,18.07,11.83,0.6,5.94,51.31
06-05-2018,Hyderabad,31.91,81.65,2.73,28.95,17.4,11.68,0.58,6.47,47.6
07-05-2018,Hyderabad,33.68,93.43,2.68,28.72,17.24,12.24,0.58,6.91,51.78
08-05-2018,Hyderabad,43.05,110.15,4.18,43.5,27.32,17.7,0.97,7.8,46.9
09-05-2018,Hyderabad,44.32,101.87,3.44,37.73,22.67,15.48,0.67,6.11,43.87
10-05-2018,Hyderabad,33.83,74.91,3.68,31.53,19.53,15.07,0.63,5.28,45.59
11-05-2018,Hyderabad,32.76,80.97,2.6,31.48,18.67,13.05,0.66,6.44,50.78
12-05-2018,Hyderabad,33.05,81.54,2.75,31.04,18.58,12.1,0.64,5.79,50.32
13-05-2018,Hyderabad,31.85,76.51,2.78,32.48,19.38,11.93,0.74,6.11,61.46
14-05-2018,Hyderabad,29.86,67.84,2.42,26.02,15.62,12.81,0.64,5.38,56.79
15-05-2018,Hyderabad,24.49,46.54,2.67,24.04,14.76,12.94,0.68,4.84,51.51
16-05-2018,Hyderabad,41.89,90.88,1.84,33.42,21.61,12.94,0.78,8.26,48.44
17-05-2018,Hyderabad,43.47,103.29,5.47,41.31,26.17,16.08,0.9,9.18,39.03
18-05-2018,Hyderabad,37.31,88.67,4.13,35.51,21.97,17.26,0.62,6.93,45.12
19-05-2018,Hyderabad,47.42,136.63,4.4,37.25,23.1,19.61,0.69,8.04,46.38
20-05-2018,Hyderabad,38.59,106.87,2.41,29.22,17.35,12.49,0.62,6.25,62.1
21-05-2018,Hyderabad,48.33,137.04,1.95,32.24,18.72,14.11,0.91,6.97,59.66
22-05-2018,Hyderabad,42.68,108.84,1.61,27.06,15.7,13.64,0.69,7.04,56.37
23-05-2018,Hyderabad,47.5,122.16,2.07,33.71,19.55,14.03,0.83,6.22,52.86
24-05-2018,Hyderabad,36.41,93.09,4.43,32.39,20.82,13.99,0.78,6.42,47.17
25-05-2018,Hyderabad,42.17,108.46,2.82,31.54,18.88,13.05,0.76,6.99,55.12
26-05-2018,Hyderabad,23.65,67.93,4.09,25.79,16.85,11.4,0.69,4.39,36.5
27-05-2018,Hyderabad,26.11,69.28,3.38,26.65,16.54,12.52,0.78,6.26,49.07
28-05-2018,Hyderabad,31.17,76.56,2.96,25.45,15.75,10.77,0.72,5.77,45.6
29-05-2018,Hyderabad,34.68,91.62,3.27,28.48,17.59,12.87,0.64,6.41,46.07
30-05-2018,Hyderabad,31.7,80.59,2.56,26.77,16.12,15.8,0.58,6.53,44.57
31-05-2018,Hyderabad,32.57,83.68,2.85,25.25,15.51,13.47,0.83,5.81,45.54
01-06-2018,Hyderabad,37.26,77.09,2.92,31.53,18.61,18.36,0.64,6.76,52.89
02-06-2018,Hyderabad,36.7,63.45,3.79,35.45,21.68,21.33,0.77,6.87,35.35
03-06-2018,Hyderabad,34.85,73.89,3.42,29.14,18.05,20.54,0.62,7.11,44.34
04-06-2018,Hyderabad,30.95,64.8,5.15,26.22,19.01,17.29,0.56,7.1,57.7
05-06-2018,Hyderabad,31.51,67.42,3.15,30.16,18.39,14.27,0.62,7.18,48.4
06-06-2018,Hyderabad,31.33,62.83,2.43,29.59,17.68,18.13,0.64,7.06,47.76
07-06-2018,Hyderabad,19.68,25.82,2.91,22.53,14.03,15.54,0.61,5.17,47.94
08-06-2018,Hyderabad,19.43,33.87,2.41,22.16,13.55,13.75,0.71,6.1,40.15
09-06-2018,Hyderabad,20.03,42.57,2.78,22.16,13.67,15.62,0.68,6.84,33.8
10-06-2018,Hyderabad,16.49,32.8,3.39,20.62,13.49,15.21,0.64,7.35,22.52
11-06-2018,Hyderabad,22.31,55.94,4.49,23.24,15.72,17.96,0.66,8.45,18.82
12-06-2018,Hyderabad,29.92,88.06,6.62,23.7,17.8,16.42,0.66,10.11,17.16
13-06-2018,Hyderabad,30.85,89.47,2.88,21.31,13.57,18.8,0.6,7.58,19.6
14-06-2018,Hyderabad,34.44,92.58,3.06,23.31,14.67,18.51,0.54,8.26,17.53
15-06-2018,Hyderabad,27.83,86.25,2.8,20.05,12.92,22.11,0.57,9.66,20.79
16-06-2018,Hyderabad,22.9,63.65,2.23,20.48,13.35,12.77,0.6,8.96,22
17-06-2018,Hyderabad,21.99,66.18,2.72,20.32,12.88,15.69,0.57,9.83,19.71
18-06-2018,Hyderabad,17.2,48.97,2.58,20.17,12.01,13.71,0.58,8.6,19.88
19-06-2018,Hyderabad,14.61,29.85,1.97,18.2,10.99,8.52,0.53,6.94,23.9
20-06-2018,Hyderabad,15.27,26.79,2.55,21.39,13.31,8.28,0.44,6.5,27.49
21-06-2018,Hyderabad,10.31,33.35,1.76,22.02,12.97,9.33,0.46,6.21,27.79
22-06-2018,Hyderabad,21.26,45.55,2.2,28.03,16.4,13.37,0.49,6.19,25.78
23-06-2018,Hyderabad,20.07,34.46,2.75,23.78,14.39,13.84,0.36,6.35,23.59
24-06-2018,Hyderabad,16.99,37.87,3.05,20.56,13.25,13.2,0.23,6.42,19.13
25-06-2018,Hyderabad,16.31,41.38,2.77,20.7,13.14,10.75,0.27,6.36,17.31
26-06-2018,Hyderabad,16.23,41.54,3.95,23.21,15.22,12.73,0.26,5.93,17.5
27-06-2018,Hyderabad,17.64,46.04,4.42,28.07,18.17,15.93,0.26,4.6,15.07
28-06-2018,Hyderabad,18.93,50.36,4.19,24.39,16.02,12.61,0.28,5.05,17.65
29-06-2018,Hyderabad,18.18,57.2,3.48,22.68,14.57,9.63,0.3,5.38,23.37
30-06-2018,Hyderabad,20.85,57.03,6.27,26.4,18.78,14.04,0.33,6.64,22
01-07-2018,Hyderabad,16.91,39.49,3.41,27.03,16.84,14.34,0.3,7.1,25.21
02-07-2018,Hyderabad,16.48,42.25,3.82,24.21,15.61,9.17,0.24,5.74,23.96
03-07-2018,Hyderabad,16.28,41.16,3.42,23.43,14.97,12.43,0.26,5.56,22.53
04-07-2018,Hyderabad,15.97,58.87,3.7,22.07,14.46,10.13,0.35,5.95,21.98
05-07-2018,Hyderabad,13.22,40.07,4.16,22.74,15.17,10.6,0.25,6.07,20.08
06-07-2018,Hyderabad,20.05,48.6,4.7,26,17.26,11.89,0.3,5.06,18.73
07-07-2018,Hyderabad,22.74,51.43,4.4,27.25,17.7,22.28,0.34,5.19,18.53
08-07-2018,Hyderabad,19.92,45.9,4.05,25.11,16.11,27.07,0.28,5.61,20.17
09-07-2018,Hyderabad,16.63,36.37,4.05,23.21,15.32,21.08,0.22,5.45,18.43
10-07-2018,Hyderabad,19.7,44.03,4.15,21.7,14.62,13.74,0.25,5.47,16.26
11-07-2018,Hyderabad,19.05,45.74,4.55,23.04,15.63,11.45,0.3,4.83,19.91
12-07-2018,Hyderabad,11.93,16.09,4.73,22.14,15.24,19.37,0.25,4.96,20.46
13-07-2018,Hyderabad,13.21,26.26,4.5,20.22,14.07,10.32,0.27,6.21,15.7
14-07-2018,Hyderabad,17.97,40.97,5.45,26.02,17.84,11.15,0.28,6.88,15.88
15-07-2018,Hyderabad,16.12,39.28,5.46,25.58,17.67,11.51,0.31,6.66,21.52
16-07-2018,Hyderabad,11.04,20,5.27,21.19,15.02,17.01,0.37,8.75,16.13
17-07-2018,Hyderabad,12.14,26.59,4.39,20.54,14,9.09,0.26,6.46,14.86
18-07-2018,Hyderabad,14.13,36.01,4.36,22.64,15.15,13.41,0.27,6.95,13.58
19-07-2018,Hyderabad,14.39,38.34,4.55,21.97,15.57,9.65,0.26,7.32,14.75
20-07-2018,Hyderabad,12.58,32.59,4.27,22.18,14.61,17.89,0.31,9.52,13.12
21-07-2018,Hyderabad,19.61,51.45,2.81,23.18,14.44,13.67,0.3,9.11,15.35
22-07-2018,Hyderabad,19.54,54.49,3.74,22.42,14.56,27.32,0.28,9.22,14.36
23-07-2018,Hyderabad,17.69,53.6,4.08,21.69,14.24,14.25,0.26,7.41,15.37
24-07-2018,Hyderabad,15.64,44.78,4.72,21.03,14.68,12.57,0.32,5.87,15.58
25-07-2018,Hyderabad,17.88,53.74,5.11,20.4,14.67,13.38,0.26,6.55,16.66
26-07-2018,Hyderabad,14.41,42.62,9.34,20.64,18.69,13.72,0.29,7.06,16.19
27-07-2018,Hyderabad,14.52,43.56,7.62,24.38,18.52,13.04,0.27,6.46,17.72
28-07-2018,Hyderabad,18.23,55.98,8.1,22.38,18.1,16.11,0.28,6.09,18.44
29-07-2018,Hyderabad,26.09,74.2,5.93,28.86,19.71,20.93,0.38,7.2,16.26
30-07-2018,Hyderabad,26.02,84.97,5.11,25.61,17.39,25.84,0.32,6.79,17.7
31-07-2018,Hyderabad,19.21,66.84,5.24,25.13,17.24,22.86,0.27,6.8,17.22
01-08-2018,Hyderabad,21.88,75.6,4.48,25.54,16.46,13.51,0.28,6.2,16.38
02-08-2018,Hyderabad,25.77,76.03,6.01,27.27,18.33,14.81,0.36,6.61,13.63
03-08-2018,Hyderabad,30.8,101.48,6.15,28.85,19.13,16.33,0.31,7.02,15.42
04-08-2018,Hyderabad,23.43,76.16,5.63,25.39,17.64,18.24,0.28,6.63,16.46
05-08-2018,Hyderabad,20.2,55.76,5.68,27.06,18.56,13.47,0.31,6.37,16.05
06-08-2018,Hyderabad,26.91,71.45,5,23.75,16.3,18.49,0.29,7.05,16.55
07-08-2018,Hyderabad,18.92,55.72,4.71,24.24,16.08,16.94,0.3,8.15,13.97
08-08-2018,Hyderabad,16.17,46.48,4.84,24.82,16.46,23.83,0.28,7.42,13.81
09-08-2018,Hyderabad,18.07,37.67,8.38,27.7,21,14.77,0.36,5.9,12.64
10-08-2018,Hyderabad,17.09,41.09,6.04,24.89,17.3,17.35,0.31,6.07,14.98
11-08-2018,Hyderabad,16.39,29.84,7.35,24.46,18.46,16.95,0.28,6.09,11.86
12-08-2018,Hyderabad,11.98,28.35,6.15,18.71,14.38,22.8,0.31,6.15,14.52
13-08-2018,Hyderabad,11.66,24.68,5.61,17.79,13.61,15.41,0.32,6.65,13.69
14-08-2018,Hyderabad,16.97,46.65,8.16,27.16,20.02,13.27,0.31,7.29,10.2
15-08-2018,Hyderabad,22.11,68.81,4.1,17.62,12.18,23.04,0.35,10.13,11.99
16-08-2018,Hyderabad,7.78,10.87,3.77,19.87,13.35,11.71,0.3,5.69,15.01
17-08-2018,Hyderabad,18.56,46.57,4.25,20.71,14.14,11.21,0.3,7.17,18.05
18-08-2018,Hyderabad,15.3,41.14,4.16,17.73,12.67,13.6,0.29,8,18.6
19-08-2018,Hyderabad,15.28,34.82,11.75,24.8,21.07,15.8,0.32,6.84,15.02
20-08-2018,Hyderabad,13.19,31.47,5.97,21.95,15.99,17.78,0.27,5.98,14.53
21-08-2018,Hyderabad,10.08,23.02,5.47,19.61,14.4,14.88,0.25,6.73,14.24
22-08-2018,Hyderabad,10.33,29.62,6.19,22.71,16.5,12.65,0.29,8.08,13.14
23-08-2018,Hyderabad,12.51,38.94,6.62,23.7,17.2,16.78,0.29,8.73,11.2
24-08-2018,Hyderabad,14.36,56.52,5.88,24.14,16.98,18.06,0.31,8.55,12.62
25-08-2018,Hyderabad,15.34,55.37,7.06,25.68,18.74,16.07,0.29,7.55,12.26
26-08-2018,Hyderabad,14.61,45.18,5.98,24.79,17.43,18.28,0.27,7.85,11.18
27-08-2018,Hyderabad,15.31,40.27,9.65,27.1,21.01,13.22,0.3,7.61,9.29
28-08-2018,Hyderabad,16.51,45.72,6.63,27.6,19.35,10.85,0.28,6.97,12.08
29-08-2018,Hyderabad,20.98,64.42,6.11,26.87,18.67,12.12,0.29,8.39,15.33
30-08-2018,Hyderabad,24.66,82.96,7.02,26.52,19.13,11.46,0.29,8.85,18.68
31-08-2018,Hyderabad,22.43,75.11,6.2,27.25,18.9,10.92,0.3,7.13,15.88
01-09-2018,Hyderabad,23.16,71.26,6.01,26.37,18.32,10.23,0.31,8.74,15.43
02-09-2018,Hyderabad,18.51,47.92,7.14,25.86,19.12,13.55,0.34,6.4,14.04
03-09-2018,Hyderabad,15.84,39.37,7.38,23.73,18.24,21.2,0.34,7.13,13.7
04-09-2018,Hyderabad,20.36,66.88,7.58,25.6,19.27,14.84,0.31,7.74,13.86
05-09-2018,Hyderabad,27.05,87.39,5.13,26.36,17.59,11.1,0.38,8.05,14.3
06-09-2018,Hyderabad,25.36,83.21,4.74,26.76,17.54,12.31,0.31,7.84,14.29
07-09-2018,Hyderabad,25.42,79.97,5.01,22.74,15.82,14.25,0.32,7.79,17.95
08-09-2018,Hyderabad,21.61,55.67,4.94,18.35,13.78,16.15,0.33,9.3,19.94
09-09-2018,Hyderabad,34.85,91.9,9.53,24.19,20.62,13.82,0.42,8.8,23.55
10-09-2018,Hyderabad,38.35,94.94,6.64,32.15,22.32,13.3,0.46,7.75,27.14
11-09-2018,Hyderabad,33.85,66.55,7.83,38.45,26.5,13.33,0.57,6.42,25.02
12-09-2018,Hyderabad,35.06,53.38,10.31,35.45,26.63,15.82,0.59,5.67,20.9
13-09-2018,Hyderabad,41.83,77.55,11.55,36.44,28.14,13.71,0.6,6,21.97
14-09-2018,Hyderabad,42.24,85.86,5.8,36.56,23.67,13.25,0.53,7.04,30.31
15-09-2018,Hyderabad,43.69,89.53,6.25,36.45,24.05,14.45,0.51,6.77,27.22
16-09-2018,Hyderabad,48.98,89.05,8.74,33.93,24.38,21.78,0.5,7.78,22.86
17-09-2018,Hyderabad,35.58,61.65,4.05,22.67,14.98,18.61,0.41,8.41,24.49
18-09-2018,Hyderabad,39.68,63.97,5.07,25.48,17.48,14.17,0.45,6.81,21.89
19-09-2018,Hyderabad,38.6,84.63,6.3,31.56,20.98,16.06,0.45,6.9,21.57
20-09-2018,Hyderabad,40.88,97.71,3.8,30.3,18.92,13.54,0.42,7.14,23.53
21-09-2018,Hyderabad,37.91,78.9,5.26,27.55,17.69,22.26,0.38,8.39,21.72
22-09-2018,Hyderabad,27.29,58.1,3.66,23.11,14.88,15.98,0.34,6.23,27.07
23-09-2018,Hyderabad,32.25,62.49,3.76,27.46,17.34,14.76,0.44,6.13,28.19
24-09-2018,Hyderabad,34.94,68.68,7.01,36.88,25.03,12.23,0.62,5.85,21.51
25-09-2018,Hyderabad,41.46,86.95,10.7,38.18,28.61,14,0.66,6.42,20.19
26-09-2018,Hyderabad,53.68,107.41,19.37,44.83,39.13,17.8,0.8,8.2,16.94
27-09-2018,Hyderabad,43.09,78.57,7.32,36.52,24.46,15.36,0.54,6.93,24.45
28-09-2018,Hyderabad,45.92,99.06,12.36,38.03,29.38,16.4,0.58,7.03,15.53
29-09-2018,Hyderabad,55.39,107.62,18.14,38.38,33.21,18,0.64,7.08,17.26
30-09-2018,Hyderabad,67.69,129.23,17.39,37.28,32.15,22.86,0.62,9.16,24.96
01-10-2018,Hyderabad,63.16,122.8,6.21,38.16,24.9,17.1,0.5,7.78,23.41
02-10-2018,Hyderabad,37.8,80.37,8.25,33.16,23.67,14.39,0.49,5.89,22.58
03-10-2018,Hyderabad,36.5,79,5.25,32.41,21.14,13.47,0.45,5.74,23.91
04-10-2018,Hyderabad,39.63,85.85,6.61,33.83,22.06,14.36,0.45,5.14,24.63
05-10-2018,Hyderabad,39.8,103.38,5.91,34.47,22.39,13.88,0.43,6.26,29.57
06-10-2018,Hyderabad,56.36,136.25,7.79,42.33,27.18,15.35,0.56,8.43,29.21
07-10-2018,Hyderabad,65.91,139.95,5.65,39.75,25.24,16.63,0.5,6.99,29.27
08-10-2018,Hyderabad,64.44,144.33,6.46,40.33,25.58,15.8,0.56,9.45,28.65
09-10-2018,Hyderabad,60.07,146.71,8.4,46.53,31,18.89,0.54,17.26,23.73
10-10-2018,Hyderabad,56.5,150.65,7.83,48.32,31.61,15.44,0.48,13.82,21.94
11-10-2018,Hyderabad,52.63,148.36,5.23,43.03,26.79,22.61,0.46,14.89,25.52
12-10-2018,Hyderabad,54.39,132.24,6.33,42.79,26.64,18.36,0.53,13.5,27.9
13-10-2018,Hyderabad,58.56,130.27,13.85,46.54,34.65,15.35,0.64,10.8,21.39
14-10-2018,Hyderabad,54.35,111.45,6.53,36.76,24.31,14.78,0.47,9.08,27.41
15-10-2018,Hyderabad,58.24,107.55,4.47,35.21,25.04,14.13,0.53,9.14,28.29
16-10-2018,Hyderabad,53.26,90.41,6.11,32.39,20.97,13.5,0.46,4.76,26.04
17-10-2018,Hyderabad,41.03,53.89,6.99,34.67,23.8,12.6,0.58,4.21,19.11
18-10-2018,Hyderabad,40.35,57.72,6.18,31.81,21.6,11.42,0.55,3.64,21.12
19-10-2018,Hyderabad,43.99,80.57,9.66,37.92,26.85,9.8,0.52,3.92,24.15
20-10-2018,Hyderabad,58.44,128.56,8.23,47.2,31.47,12.06,0.68,6.19,26.5
21-10-2018,Hyderabad,61.34,131.27,6.33,44.57,28.44,11.97,0.61,5.23,26.96
22-10-2018,Hyderabad,66.82,144.33,10.4,51.4,35.41,17.06,0.72,9.47,27.86
23-10-2018,Hyderabad,67.12,139.91,5.57,45.12,28.2,12.98,0.67,6.04,30.64
24-10-2018,Hyderabad,67.52,125.13,5.09,46.11,28.34,15.3,0.89,6.88,28.14
25-10-2018,Hyderabad,60.72,124.74,8.06,45.35,30.25,10.89,0.61,8.39,28.84
26-10-2018,Hyderabad,48.68,123.62,6.28,47.97,30.17,8.4,0.46,11.76,31.72
27-10-2018,Hyderabad,57.44,145.22,13.24,60.75,42.38,10.5,0.68,16.45,27.8
28-10-2018,Hyderabad,56.51,134.88,10.74,46.84,33.18,12.03,0.55,14.29,36.66
29-10-2018,Hyderabad,56.02,130.4,4.14,46.3,27.61,10.69,0.5,19.41,41.62
30-10-2018,Hyderabad,57.32,121.32,5.54,47.35,28.61,11.99,0.58,14.14,41.46
31-10-2018,Hyderabad,56.98,120.91,8.65,47.69,32.11,11.49,0.56,14.98,34.51
01-11-2018,Hyderabad,50.87,109.17,9.71,45.19,30.38,11.95,0.59,11.42,26.9
02-11-2018,Hyderabad,34.07,76.12,8.83,37.54,25.92,11.79,0.56,6.15,19.95
03-11-2018,Hyderabad,25.96,59.8,6.81,32.84,22.01,10.51,0.48,4.13,23.14
04-11-2018,Hyderabad,24.88,48.95,4.85,30.95,20.14,9.51,0.51,3.89,25.91
05-11-2018,Hyderabad,32.8,68.87,5.38,36.41,23.46,8.99,0.53,4.62,27.53
06-11-2018,Hyderabad,44.66,94.97,5.82,39.76,25,9.87,0.58,5.76,31.15
07-11-2018,Hyderabad,54.63,103.16,4.8,38.84,23.63,10.34,0.52,8.73,34.91
08-11-2018,Hyderabad,59.82,109.93,3.82,35.89,21.32,10.25,0.55,7.39,41
09-11-2018,Hyderabad,64.36,125.75,4.45,42.33,25.9,9.96,0.54,10.52,36.77
10-11-2018,Hyderabad,69.5,136.07,4.22,44.02,26.57,10.22,0.58,16.11,42.35
11-11-2018,Hyderabad,61.15,129.81,4.84,44.85,27.54,9.52,0.58,18.58,44
12-11-2018,Hyderabad,62.68,148.54,7.17,50.55,31.73,9.49,0.58,27.46,43.16
13-11-2018,Hyderabad,66.08,150.01,10.08,56.68,37.98,11.75,0.68,32.99,34.36
14-11-2018,Hyderabad,67.28,159.01,10.49,60.17,39.93,12.04,0.76,28.68,35.17
15-11-2018,Hyderabad,58.4,140.37,9.82,52.31,35.35,11.78,0.73,23.55,30.37
16-11-2018,Hyderabad,46.2,115.57,7.78,45.12,29.83,12.59,0.61,14.26,25.38
17-11-2018,Hyderabad,23.09,59.77,6.46,32.04,21.93,11.7,0.47,4.64,20.36
18-11-2018,Hyderabad,19.06,50.4,7.14,29.19,20.29,9.77,0.43,4.63,18.99
19-11-2018,Hyderabad,26.04,61.77,5.61,32.18,21.29,9.11,0.45,4.53,21.05
20-11-2018,Hyderabad,52.12,112.36,7.09,43.52,27.66,9.7,0.58,9.77,29.47
21-11-2018,Hyderabad,63.08,139.98,5.82,44.09,27.7,9.74,0.58,13.92,36.71
22-11-2018,Hyderabad,66,137.89,4.81,46.07,28.06,9.64,0.6,9.72,34.42
23-11-2018,Hyderabad,71.81,147.11,7.22,47.8,30.04,10.43,0.65,15.7,32.72
24-11-2018,Hyderabad,72.98,155.13,8.56,53.95,34.44,10.78,0.72,15.99,36.63
25-11-2018,Hyderabad,69.28,149.67,4.95,50.29,30.48,9.59,0.64,16.75,46.4
26-11-2018,Hyderabad,63.01,150.75,5.59,53.44,32.61,8.97,0.67,18.36,44.11
27-11-2018,Hyderabad,69.91,152.94,6.32,59.24,35.57,10.25,0.74,11.85,41.07
28-11-2018,Hyderabad,73.48,155.16,6.86,59.43,36.14,11.11,0.77,8.85,43.73
29-11-2018,Hyderabad,72.26,153.14,11.19,65.02,43.12,11.13,0.81,14.12,34.93
30-11-2018,Hyderabad,67.69,145.96,7.06,56.72,34.75,10.92,0.67,20.32,40.48
01-12-2018,Hyderabad,69.94,147.06,6.95,56.11,35.06,10.94,0.72,13.09,35.54
02-12-2018,Hyderabad,71.17,145.82,7.24,52.98,33.02,12.06,0.74,9.29,34.25
03-12-2018,Hyderabad,74.62,145.29,5.43,48.78,30.02,12.31,0.75,7.79,36.37
04-12-2018,Hyderabad,77.72,147.65,6.32,47.55,29.22,12.49,0.76,8.53,37.26
05-12-2018,Hyderabad,67.3,118.13,3.28,40.48,24.04,11.3,0.7,5.66,33.84
06-12-2018,Hyderabad,62.87,111.3,5.26,41.39,25.89,11.58,0.74,4.21,29.75
07-12-2018,Hyderabad,61.66,92.8,3.74,32.11,19.87,11.09,0.64,4.65,31.2
08-12-2018,Hyderabad,76.14,122.93,4.44,34.16,20.56,12.1,0.71,4.23,36.84
09-12-2018,Hyderabad,78.36,131.2,4.34,33.76,20.26,9.87,0.74,5.66,36.66
10-12-2018,Hyderabad,77.94,132.25,4.06,30.74,18.63,10.81,0.63,5.63,36.29
11-12-2018,Hyderabad,76.22,145.09,4.87,39.51,24.48,13.3,0.73,7.25,31.26
12-12-2018,Hyderabad,74.78,134.84,3.74,36.07,21.92,11.93,0.68,5.85,36.7
13-12-2018,Hyderabad,74.19,123.7,3.87,37.39,22.72,11.45,0.67,4.46,34.73
14-12-2018,Hyderabad,74.48,119.8,4.96,41.82,25.98,13.69,0.8,6.86,24.87
15-12-2018,Hyderabad,75.15,134.26,4.81,38.42,24.05,12.75,0.62,13.68,37.42
16-12-2018,Hyderabad,76.15,149.24,4.2,39.24,23.25,11.76,0.61,16.29,49.21
17-12-2018,Hyderabad,59.61,95.42,3.61,33.95,20.68,10.46,0.53,12.91,34.28
18-12-2018,Hyderabad,22.35,34.08,5.64,29.09,19.52,9.2,0.4,9.12,20.98
19-12-2018,Hyderabad,32.77,62.25,6.1,33.97,22.61,8.77,0.47,9.12,23.73
20-12-2018,Hyderabad,44.72,93.15,10.97,43.69,30.84,9.49,0.67,11.57,22.1
21-12-2018,Hyderabad,55.1,107.95,6.18,48.47,30.3,10.79,0.64,12.56,27.57
22-12-2018,Hyderabad,72.66,139.71,5.48,52.59,31.84,13.22,0.67,10.82,36.75
23-12-2018,Hyderabad,78.01,138.69,5.23,41.45,25.43,16.4,0.68,7.12,42.72
24-12-2018,Hyderabad,76.81,154.46,3.25,44.67,25.96,13.72,0.68,10.6,34.26
25-12-2018,Hyderabad,73.18,149.61,3.91,46.1,26.91,12.02,0.61,8.93,43.56
26-12-2018,Hyderabad,67.91,119.15,5.14,36.25,23.04,12.18,0.69,6.85,39.08
27-12-2018,Hyderabad,68.06,134.16,7.16,38.87,25.8,13.96,0.63,10.27,28.38
28-12-2018,Hyderabad,64.1,138.43,6.93,44.84,28.62,13.36,0.62,16.12,36.78
29-12-2018,Hyderabad,68.76,140.93,6.88,44.93,28.59,13.17,0.62,20.66,45.65
30-12-2018,Hyderabad,71.7,142.41,7.93,45.42,29.77,14.25,0.67,17.59,44.23
31-12-2018,Hyderabad,65.24,136.91,10.12,52.86,35.35,12.52,0.7,19.97,38.19
01-01-2019,Hyderabad,66.79,143.42,15.13,63.82,45.22,13.84,0.94,22.51,31.99
02-01-2019,Hyderabad,71.55,153.99,19.02,67.44,50.15,14.81,1.03,13.44,33.44
03-01-2019,Hyderabad,69.7,146.69,17.18,67.01,48.67,17.38,0.97,13.01,32.47
04-01-2019,Hyderabad,75.25,158.34,13.81,63.58,44.19,18.99,0.88,12.51,34.39
05-01-2019,Hyderabad,73.03,140.13,7.3,50.4,32.05,17.23,0.78,8.17,40.43
06-01-2019,Hyderabad,77.71,153.78,6.07,40.96,26.12,18.85,0.73,6.61,46.03
07-01-2019,Hyderabad,76.5,157.71,11.3,49.16,34.49,17.3,0.76,9.93,40.13
08-01-2019,Hyderabad,73.78,165.61,14.97,62.35,44.33,20.56,0.92,15.09,27.73
09-01-2019,Hyderabad,74.7,164.93,18.53,71.55,51.58,18.51,0.94,24.2,28.57
10-01-2019,Hyderabad,75.43,161.34,9.06,64,40.41,19.24,0.82,15.91,34.38
11-01-2019,Hyderabad,75.77,143.85,3.95,47.6,27.71,20.95,0.74,6.42,39.24
12-01-2019,Hyderabad,78.62,146,3.45,39.74,23.07,21.51,0.68,5.24,40.02
13-01-2019,Hyderabad,72.03,120.93,3.27,37.2,22.02,19.45,0.62,4.84,40
14-01-2019,Hyderabad,74.37,132.9,3.09,39.21,23.01,19.81,0.66,5.55,37.84
15-01-2019,Hyderabad,75.13,145.13,3.24,42.04,24.66,23.37,0.75,10.91,35.6
16-01-2019,Hyderabad,75.55,150.46,4.44,44.72,27.09,22.12,0.74,13.59,35.82
17-01-2019,Hyderabad,73.51,156.89,7.91,57.06,35.9,22.61,0.83,9.96,30.21
18-01-2019,Hyderabad,75.34,154.77,5.36,53.23,31.9,23.79,0.78,9.28,30.69
19-01-2019,Hyderabad,78.12,159.37,4.02,51.49,30.41,22.85,0.72,11.05,31.88
20-01-2019,Hyderabad,70,148.16,6.89,58.07,36.2,20.39,0.76,11.84,29.49
21-01-2019,Hyderabad,66.4,129.97,4.63,46.24,28.09,19.07,0.68,6.44,33.19
22-01-2019,Hyderabad,47.29,93.9,5.79,33.37,21.82,15.8,0.46,5.3,32.82
23-01-2019,Hyderabad,60.93,106.81,2.98,37.74,22.14,18.07,0.53,4.71,33.93
24-01-2019,Hyderabad,59.22,112.52,4.03,40.03,23.4,18.59,0.58,5.47,29.43
25-01-2019,Hyderabad,36.51,80.89,2.97,29.33,17.72,16.06,0.46,4.8,26.51
26-01-2019,Hyderabad,36.21,62.98,3.29,28.89,17.8,16.55,0.52,6.04,23.49
27-01-2019,Hyderabad,51.29,74.22,6.08,32.05,21.7,21.41,0.55,9.21,13.14
28-01-2019,Hyderabad,71.62,104.9,5.27,38.41,24.51,17.74,0.62,10.45,18.86
29-01-2019,Hyderabad,64.42,114.66,5.12,39.62,24.96,17.1,0.54,12.83,29.15
30-01-2019,Hyderabad,55.6,118.88,4.74,49.58,29.88,15.05,0.57,16.51,33.69
31-01-2019,Hyderabad,63.8,121.95,5.22,51.35,31.26,17.81,0.66,9.26,29.69
01-02-2019,Hyderabad,66.44,115.34,3.97,45.36,27.13,17.81,0.64,5.43,34.07
02-02-2019,Hyderabad,62.22,117.17,3.93,47.27,28.11,16.59,0.64,6.77,29.72
03-02-2019,Hyderabad,60.26,107.15,3.47,41.85,24.88,17.74,0.59,5.07,34.63
04-02-2019,Hyderabad,63.75,115.35,3.44,42.48,25,18.18,0.64,5.28,38.6
05-02-2019,Hyderabad,63.26,120.36,3.35,45.85,26.85,16.95,0.67,7.07,38.11
06-02-2019,Hyderabad,68.06,130.57,4.64,45.84,27.64,17.45,0.71,6.27,34.76
07-02-2019,Hyderabad,58.46,110.45,2.62,35.49,20.66,16.3,0.54,6.17,40.27
08-02-2019,Hyderabad,58.24,133.58,8.67,48.41,32.58,14.22,0.64,10.22,29.95
09-02-2019,Hyderabad,55.67,157.47,7.5,43.21,28.81,15.07,0.59,13.22,35.28
10-02-2019,Hyderabad,58.82,162.47,3.61,39.43,22.94,17.78,0.54,28.83,34.46
11-02-2019,Hyderabad,58.64,119.01,2.34,35.55,20.66,19.22,0.57,7.38,32.49
12-02-2019,Hyderabad,64.14,119.19,3.96,46.13,27.17,15.79,0.63,5.18,30.71
13-02-2019,Hyderabad,64.94,137.41,3.93,56.54,33.09,13.74,0.65,6,29.39
14-02-2019,Hyderabad,62.79,128.51,5.08,47.79,29.37,16.03,0.68,4.32,35.52
15-02-2019,Hyderabad,38.84,86.91,3.95,38.74,23.07,13.93,0.54,3.41,28.5
16-02-2019,Hyderabad,48.34,103.18,8.06,46.78,30.37,18.61,0.64,8,28.7
17-02-2019,Hyderabad,45.12,94.43,4.42,44.87,27.3,18.23,0.55,6.81,26.53
18-02-2019,Hyderabad,65.14,136.33,10.09,51.92,34.94,19.36,0.73,9.02,34.67
19-02-2019,Hyderabad,55.8,113.45,4,38.85,23.75,14.51,0.56,5.59,31.04
20-02-2019,Hyderabad,35.07,79.95,4.53,31.3,19.71,12.87,0.47,3.81,22.5
21-02-2019,Hyderabad,39.32,89.56,4.07,35.72,22.13,12.13,0.54,4.09,27.44
22-02-2019,Hyderabad,44.63,107.69,4.93,43.43,26.97,14.51,0.64,5.25,29.65
23-02-2019,Hyderabad,57.13,133.36,4.92,51.31,31.15,17.74,0.71,6.7,32.58
24-02-2019,Hyderabad,46.64,104.32,4.04,39.75,24.27,12.82,0.57,5.81,33.16
25-02-2019,Hyderabad,49.41,119.44,2.39,37.02,21.5,14.39,0.52,11.5,35.68
26-02-2019,Hyderabad,54.83,136.81,5.65,46.58,28.73,16.45,0.58,11.07,28.01
27-02-2019,Hyderabad,57.06,126.1,5.27,44.72,27.78,19.6,0.62,11.17,25.47
28-02-2019,Hyderabad,50.34,127.96,3.77,37.89,23.07,14.67,0.52,9.8,29.24
01-03-2019,Hyderabad,55.59,129.12,5.27,45.3,27.68,14.27,0.6,9.83,26.37
02-03-2019,Hyderabad,33.05,72.5,4.5,30.47,18.95,12.6,0.44,3.78,23.5
03-03-2019,Hyderabad,35.27,68.92,3.83,28.79,17.94,10.72,0.5,4.01,25.1
04-03-2019,Hyderabad,40.97,95.61,3.81,34.92,21.47,12.87,0.6,8.92,33.65
05-03-2019,Hyderabad,59.27,160.94,4.66,42.82,26.36,13.75,0.64,14.57,26.83
06-03-2019,Hyderabad,62.5,160.54,6.31,51.51,32.23,20.35,0.74,20.09,32.22
07-03-2019,Hyderabad,66.8,166.23,9.08,57.64,37.6,23.55,0.88,23.3,36.21
08-03-2019,Hyderabad,66.34,154.68,4.56,45.68,27.4,19.37,0.67,13.99,32.16
09-03-2019,Hyderabad,49.68,118.38,5.08,39.57,24.61,15.47,0.62,5.59,26.07
10-03-2019,Hyderabad,45.2,108.68,5.39,32.1,21.43,14.75,0.44,4.96,26.28
11-03-2019,Hyderabad,36.59,95.23,5.19,29.5,19.8,12.63,0.41,4.82,26.75
12-03-2019,Hyderabad,40.84,105.87,4.43,30.23,19.1,12.65,0.41,5.24,29
13-03-2019,Hyderabad,41.23,112.41,3.02,30.87,18.66,10.46,0.5,5.42,35.6
14-03-2019,Hyderabad,41.63,110.33,3.87,34.6,20.9,10.64,0.44,7.95,32.13
15-03-2019,Hyderabad,48.94,121.89,4.66,35.69,22.04,14.58,0.57,9.87,32.17
16-03-2019,Hyderabad,39.06,110,3.66,31.2,18.97,12.57,0.71,5.68,33.27
17-03-2019,Hyderabad,37.73,95.18,3.61,31.16,19.29,14.01,0.54,4.56,25.92
18-03-2019,Hyderabad,39.82,102.44,3.39,36.09,21.62,14.37,0.57,7.62,30.19
19-03-2019,Hyderabad,30.77,74.26,3.75,29.56,18.12,13.61,0.58,4.31,26.68
20-03-2019,Hyderabad,41.63,94.54,7.42,30.7,21.63,15.75,0.58,4.37,27.83
21-03-2019,Hyderabad,41.06,90.51,2.57,26.62,16.05,18.76,0.66,5.08,31.53
22-03-2019,Hyderabad,36.35,86.97,2.47,28.41,16.94,14.34,0.59,7.76,30.83
23-03-2019,Hyderabad,43.36,111.13,3.68,37.47,22.74,13.78,0.73,6.14,31.37
24-03-2019,Hyderabad,50.52,118.89,3.99,36.62,22.14,14.17,0.69,7.32,34.52
25-03-2019,Hyderabad,50.06,117.86,4.11,38.91,23.8,13.23,0.71,7.35,34.56
26-03-2019,Hyderabad,51.5,123.44,5.91,40.1,25.55,14.37,0.74,7.21,31.57
27-03-2019,Hyderabad,48.51,115.06,4.51,36.61,22.44,15.65,0.65,6.45,34.62
28-03-2019,Hyderabad,55.2,136.99,3.57,40.49,24.28,15.37,0.74,9.55,36.1
29-03-2019,Hyderabad,59.8,146.25,5.28,47.46,28.9,17.95,0.79,10.09,37.07
30-03-2019,Hyderabad,59.21,140.7,3.97,37.75,22.57,16.4,0.81,7.18,41.34
31-03-2019,Hyderabad,48.49,137.92,2.93,34.71,20.48,19.61,0.71,5.63,38.94
01-04-2019,Hyderabad,37.8,115.93,5.39,36.39,22.71,15.9,0.56,7.18,36.69
02-04-2019,Hyderabad,43.82,119.4,4.29,35.96,22.45,16.27,0.59,6.48,40.44
03-04-2019,Hyderabad,45.6,116.3,4.55,34.95,22.16,16.25,0.67,5.57,36.41
04-04-2019,Hyderabad,39.01,104.02,4.71,32.84,21.16,14.24,0.58,5.26,34.99
05-04-2019,Hyderabad,31.28,84.24,2.63,27.38,16.5,14.06,0.46,7.11,53.76
06-04-2019,Hyderabad,37.69,80.2,5.95,34.78,23.18,15.89,0.57,8.13,43.5
07-04-2019,Hyderabad,33.48,79.56,3.5,25.54,16.22,14.29,0.48,5.59,41.68
08-04-2019,Hyderabad,33.08,85.8,4.7,34.43,21.92,13.2,0.68,6.35,34.53
09-04-2019,Hyderabad,40.63,99.2,6.5,41.49,27.11,16.04,0.75,8.36,29.18
10-04-2019,Hyderabad,42.14,105.98,7.75,41.35,28.05,13.09,0.77,8.54,31.83
11-04-2019,Hyderabad,31.45,73.52,3.62,29.76,18.56,12.4,0.51,8.56,32.91
12-04-2019,Hyderabad,36.35,98.89,3.8,32.58,20.25,12.85,0.54,9.78,42.54
13-04-2019,Hyderabad,32.69,82.36,3.97,40.08,24.09,12.16,0.63,7.85,46
14-04-2019,Hyderabad,41,102.32,4.6,41.38,25.55,12.37,0.67,8.61,37.66
15-04-2019,Hyderabad,37.57,97.74,3.48,35.15,21.37,11.56,0.54,6.78,39.51
16-04-2019,Hyderabad,39.47,111.85,3.88,34.63,20.98,12.53,0.55,7.05,47
17-04-2019,Hyderabad,33.26,87.34,3.07,28.9,17.74,11.91,0.5,5.59,40.01
18-04-2019,Hyderabad,43.07,109.83,3.22,33.19,20.12,14.45,0.61,6.17,42.42
19-04-2019,Hyderabad,30.74,67.2,2.92,30.7,18.5,12.78,0.51,2.86,42.07
20-04-2019,Hyderabad,25.52,60.36,2.9,28.22,17.19,13.04,0.54,3.16,37.92
21-04-2019,Hyderabad,24.77,59.67,2.78,25.56,15.12,11.97,0.5,3.73,39.44
22-04-2019,Hyderabad,27.5,61.15,2.68,26.94,16.33,11.99,0.53,3.66,42.82
23-04-2019,Hyderabad,34.65,83.12,6.98,38.86,26.08,14.05,0.77,6.3,45.19
24-04-2019,Hyderabad,29.87,81.6,2.89,32.63,19.38,10.98,0.6,4.16,46.82
25-04-2019,Hyderabad,36.16,98.68,4.14,34.65,21.2,11.81,0.65,4.87,49.41
26-04-2019,Hyderabad,43.87,116.45,3.31,30.94,18.98,13.17,0.6,5.83,61.91
27-04-2019,Hyderabad,51.92,134.45,4.83,37.2,23.05,15.48,0.71,6,54.12
28-04-2019,Hyderabad,41.82,112.97,3.04,27.4,16.87,11.89,0.6,7.03,46.78
29-04-2019,Hyderabad,39.66,98.53,3.67,26.75,16.3,12.63,0.63,6.19,48.48
30-04-2019,Hyderabad,38.87,101.79,2.19,24.08,14.32,13.06,0.58,6.81,45.87
01-05-2019,Hyderabad,36.43,111.66,2.86,24.25,15.02,15.53,0.56,5.57,40.78
02-05-2019,Hyderabad,38.41,141.06,3.1,26.61,16.47,10.86,0.49,8.07,41.64
03-05-2019,Hyderabad,36.05,146.83,1.46,23.87,13.67,16.18,0.43,9.12,47.23
04-05-2019,Hyderabad,32.12,123.19,1.55,25.55,14.72,20.57,0.48,11.55,42.01
05-05-2019,Hyderabad,36.53,126.81,3.4,32.84,20.05,27.01,0.53,12.2,36.18
06-05-2019,Hyderabad,43.68,135.12,6.78,41.05,26.43,22.07,0.8,13.57,33.27
07-05-2019,Hyderabad,52.95,152.18,13.86,54.4,39.49,19.48,1.08,12.38,33.49
08-05-2019,Hyderabad,47.23,152.96,5.38,42.65,26.82,20.71,0.78,11.17,39.92
09-05-2019,Hyderabad,46.82,139.1,7.03,40.85,27.2,21.34,0.76,11.69,35.35
10-05-2019,Hyderabad,46.39,139.05,9.34,44.32,30.85,21.97,0.8,16.44,35.22
11-05-2019,Hyderabad,48.29,136.64,1.98,27.81,16.23,20.92,0.72,9.88,47.78
12-05-2019,Hyderabad,37.24,95.62,1.63,24.18,13.98,16.92,0.59,5.39,52.22
13-05-2019,Hyderabad,41.34,108.46,2.28,26.81,15.97,16.18,0.62,6.61,52.29
14-05-2019,Hyderabad,38.89,105.12,1.7,24.57,14.31,14.93,0.5,5.5,55.14
15-05-2019,Hyderabad,42.5,110.8,2.31,28.26,16.76,14.87,0.63,5.83,45.58
16-05-2019,Hyderabad,36.62,102.17,3.4,28.08,17.53,16.04,0.61,8.98,38.79
17-05-2019,Hyderabad,43.35,123.1,2.41,25.97,15.54,15.96,0.59,7.43,42.46
18-05-2019,Hyderabad,48.5,144.54,3.83,29.47,18.66,16.88,0.63,10.74,37.63
19-05-2019,Hyderabad,55.84,158.9,7.38,39.35,26.81,16.8,0.84,13.51,40.31
20-05-2019,Hyderabad,48.9,124.74,1.7,22.09,12.98,16.66,0.58,6.3,52.92
21-05-2019,Hyderabad,43.6,114.83,2.23,20.39,12.46,13.28,0.5,5.97,53.16
22-05-2019,Hyderabad,36.78,94.33,1.8,22.19,13.11,12.62,0.51,6.41,56.64
23-05-2019,Hyderabad,44.73,111.01,1.73,21.49,12.57,12.13,0.53,5.38,53.87
24-05-2019,Hyderabad,37.62,92.55,3.72,24.68,16.07,11.42,0.63,6.35,50.74
25-05-2019,Hyderabad,46.56,128.82,5.68,33.57,22.03,12.5,0.68,7.62,41.11
26-05-2019,Hyderabad,49.91,144.06,7.15,44.65,29.48,16.25,0.82,9.65,36.25
27-05-2019,Hyderabad,41.93,124.03,3.57,32.43,19.84,19.38,0.56,7.74,38.17
28-05-2019,Hyderabad,41.88,128.79,2.92,33.95,20.36,17.33,0.6,5.92,42.15
29-05-2019,Hyderabad,52.22,148.7,3.2,41.52,24.53,18.68,0.79,7.43,47.71
30-05-2019,Hyderabad,42.3,120.31,2.69,23.98,14.72,16.58,0.56,6.04,55.34
31-05-2019,Hyderabad,39.47,107.63,1.69,24.28,14.16,12.37,0.59,4.32,48.05
01-06-2019,Hyderabad,34.95,95.7,2.3,25.81,15.41,12.64,0.54,4.88,45.42
02-06-2019,Hyderabad,44.33,127.37,3.35,30.78,19,11.35,0.66,5.89,42
03-06-2019,Hyderabad,27.67,71.14,2.01,19.27,11.76,12.06,0.44,4.86,39.38
04-06-2019,Hyderabad,24.01,54.95,1.65,23.84,13.87,12.54,0.42,4.5,49.99
05-06-2019,Hyderabad,35.63,92.7,2.79,30.32,18.23,15.16,0.61,5.33,46.52
06-06-2019,Hyderabad,35.67,104.77,1.72,23.98,14.13,13.39,0.43,4.84,52.02
07-06-2019,Hyderabad,28.41,68.55,1.8,22.08,13.13,12.67,0.47,5.89,59.34
08-06-2019,Hyderabad,32.08,65.33,2.93,30.99,18.87,13.21,0.69,5.04,50.4
09-06-2019,Hyderabad,31.14,67.58,1.98,23.4,14.06,15.79,0.45,5.98,54.96
10-06-2019,Hyderabad,23.71,54.49,1.79,20.71,12.49,13.74,0.43,6.06,54.44
11-06-2019,Hyderabad,12.39,38.63,2.03,19.18,11.83,9.94,0.36,5.11,38.66
12-06-2019,Hyderabad,8.7,31.33,1.64,15.47,9.48,7.84,0.32,5.25,34.8
13-06-2019,Hyderabad,11.21,28.99,2.12,17.24,10.7,11.45,0.32,5.75,25.66
14-06-2019,Hyderabad,15.94,40.79,1.83,14.46,8.74,7.89,0.32,4.75,25.63
15-06-2019,Hyderabad,22.29,62.18,2.25,13.52,8.08,9.4,0.31,5.46,25.28
16-06-2019,Hyderabad,19.58,61.02,1.62,9.26,5,7.41,0.29,4.29,25.32
17-06-2019,Hyderabad,23.78,73.19,1.95,12.02,7.2,13.91,0.32,5.56,22.92
18-06-2019,Hyderabad,22.29,62.52,1.87,10.98,6.91,16.79,0.32,4.82,25.52
19-06-2019,Hyderabad,21.59,63.26,1.98,11.54,7.22,8.03,0.33,6.26,26.23
20-06-2019,Hyderabad,18.96,56.2,1.96,11.05,7.2,10.23,0.32,6.32,27.66
21-06-2019,Hyderabad,28.11,64.68,2.89,16.83,11,7.62,0.42,4.86,29.42
22-06-2019,Hyderabad,24.75,40.82,1.95,15.01,9.47,11.75,0.36,4.34,33.89
23-06-2019,Hyderabad,26.44,48.17,2.34,19.64,12.24,9.98,0.46,4.77,25.89
24-06-2019,Hyderabad,25.45,48.67,2.43,19.86,12.15,10.58,0.48,5.04,31.78
25-06-2019,Hyderabad,27,52.03,3.58,23.58,14.72,18.18,0.56,5.03,28.48
26-06-2019,Hyderabad,18.07,38.92,2.21,13.79,8.97,16.82,0.29,4.29,25.99
27-06-2019,Hyderabad,9.85,25.11,2.18,11.88,7.95,10.9,0.27,4.55,26.41
28-06-2019,Hyderabad,9.89,21.02,1.94,9.71,6.9,7.43,0.34,3.51,24.92
29-06-2019,Hyderabad,12.75,24.02,2.15,13.54,8.61,7.07,0.34,3.99,21.45
30-06-2019,Hyderabad,18.55,35.16,2.28,16.94,9.97,15.94,0.34,5,24
01-07-2019,Hyderabad,18.32,38.86,2.64,14.66,8.9,15.43,0.35,5.62,21.07
02-07-2019,Hyderabad,17.75,29.98,2.93,14.34,8.62,9.48,0.36,3.99,17.96
03-07-2019,Hyderabad,20.08,45.27,2.08,12.48,7.4,7.7,0.35,3.65,19.24
04-07-2019,Hyderabad,17.71,38.88,2.08,13.84,8.29,8.77,0.36,4.07,18.73
05-07-2019,Hyderabad,16.27,33.26,2.18,13.5,8.12,7.13,0.37,3.39,17.83
06-07-2019,Hyderabad,15.95,38.56,1.88,8.82,5.39,5.7,0.39,3.28,19.48
07-07-2019,Hyderabad,15.22,37.91,1.61,7.09,4.34,5.32,0.36,3.48,20.16
08-07-2019,Hyderabad,16.51,44.22,1.98,10.33,6.2,6.61,0.34,4.35,16.37
09-07-2019,Hyderabad,15.35,34.76,2.34,10.7,6.72,5.67,0.35,4.2,16.83
10-07-2019,Hyderabad,12.67,31.67,2.39,9.99,6.38,4.88,0.33,4.32,16.24
11-07-2019,Hyderabad,16.54,39.46,2.57,12.01,7.99,8.42,0.35,5.19,16.63
12-07-2019,Hyderabad,18.41,39.59,3.63,15.07,10.1,13.38,0.42,8.4,16.69
13-07-2019,Hyderabad,12.8,34.14,3.74,12.2,9.79,8.86,0.35,9.88,17.36
14-07-2019,Hyderabad,14.43,42.52,3.72,14.78,10.4,4.83,0.39,4.59,16.68
15-07-2019,Hyderabad,15.96,40.84,4.06,13.46,10.75,7.26,0.39,5.51,18.62
16-07-2019,Hyderabad,24.07,72.98,8.34,15.32,14.47,9.23,0.43,10.41,18.08
17-07-2019,Hyderabad,22.29,61.44,5.68,13.96,10.94,9.85,0.36,9.63,22.08
18-07-2019,Hyderabad,26.43,83.02,3.1,14.91,9.98,15.54,0.41,9.44,25.61
19-07-2019,Hyderabad,31.27,73.21,3.03,17.52,11.18,14.75,0.46,9.68,30.58
20-07-2019,Hyderabad,20.12,38.84,2.58,13.94,8.86,14.52,0.43,5.41,30.44
21-07-2019,Hyderabad,14.08,36.16,2.62,13.32,8.47,10.86,0.41,6.12,25.58
22-07-2019,Hyderabad,12.01,37.69,3.63,15.41,10.45,9.86,0.46,5.78,21.49
23-07-2019,Hyderabad,8.13,27.42,2.51,10.58,7.35,8.31,0.35,5.06,22.08
24-07-2019,Hyderabad,10.24,33.46,2.75,11.32,8.04,6.89,0.37,6.43,21.22
25-07-2019,Hyderabad,12.86,34.31,3.65,12.51,9.19,8.83,0.42,7.48,18.8
26-07-2019,Hyderabad,14.72,37.9,3.89,14.61,10.63,20.96,0.38,9.89,15.66
27-07-2019,Hyderabad,12.96,32.82,2.56,11.87,8.24,9.57,0.36,6.52,19.4
28-07-2019,Hyderabad,13.46,32.98,2.38,11.57,8.08,7.3,0.36,4.07,19.12
29-07-2019,Hyderabad,8.99,24.55,2.31,11.77,8.17,7.06,0.37,4.02,18.19
30-07-2019,Hyderabad,8.48,16.54,2.8,12.12,8.76,9.02,0.3,6.56,17.98
31-07-2019,Hyderabad,10.95,24.67,3.45,13.33,9.93,10.54,0.37,9.55,16.46
01-08-2019,Hyderabad,10.31,22.89,3.84,14.94,10.97,6.75,0.42,6.72,14.78
02-08-2019,Hyderabad,8.01,14.41,3.38,13.12,9.48,5.18,0.36,5.84,13.76
03-08-2019,Hyderabad,6.75,12.53,2.95,11.92,8.49,4.52,0.33,4.24,14.61
04-08-2019,Hyderabad,6.24,12.61,2.92,12.57,8.68,4.28,0.3,5.03,17.5
05-08-2019,Hyderabad,7.95,16.23,3.65,12.93,9.21,13.28,0.33,5.9,17.12
06-08-2019,Hyderabad,10.01,21.56,3.66,15.18,10.9,20.31,0.46,5.97,13.9
07-08-2019,Hyderabad,9.72,20.37,4.1,16.76,12.04,16.85,0.38,5.86,12.08
08-08-2019,Hyderabad,12.45,31.7,3.46,19.4,12.81,14.56,0.42,5.75,14.47
09-08-2019,Hyderabad,12.46,36.39,2.33,13.58,8.84,13.47,0.36,10.95,18.47
10-08-2019,Hyderabad,11.94,36.04,2.51,15.1,10.03,8.7,0.32,9.39,19.37
11-08-2019,Hyderabad,17.37,49.51,3.48,16.94,11.86,11.66,0.37,11.43,18.34
12-08-2019,Hyderabad,24.17,66.23,3.75,19.45,13.34,14.58,0.45,12.18,16.93
13-08-2019,Hyderabad,29.79,83.11,6.46,29.89,20.72,21.21,0.42,9.62,13.8
14-08-2019,Hyderabad,23.12,65.91,6.59,25.02,18.15,21.06,0.36,9.85,16.9
15-08-2019,Hyderabad,19.11,52.66,4.92,21.68,15.07,23.05,0.31,13.65,15.36
16-08-2019,Hyderabad,17.17,56.16,7.61,24.22,17.62,19.31,0.38,9.61,14.63
17-08-2019,Hyderabad,23.03,78.62,6,24.44,16.82,19.41,0.38,8.87,17.03
18-08-2019,Hyderabad,29.92,96.6,8.22,32.88,23.36,19.28,0.42,8.41,14.02
19-08-2019,Hyderabad,25.94,75.83,7.42,30.57,21.82,27.35,0.37,8.72,15.29
20-08-2019,Hyderabad,31.38,86.73,10.74,29.66,23.12,22.3,0.48,9,13.77
21-08-2019,Hyderabad,27.23,79.58,5.89,23.96,17.12,21.82,0.53,11.3,15.79
22-08-2019,Hyderabad,20.35,56.42,3.97,19.28,13.24,28.92,0.52,8.82,18.38
23-08-2019,Hyderabad,23.71,61.82,3.87,16.82,12.13,24.21,0.43,11.22,18.8
24-08-2019,Hyderabad,14.82,48.14,5.14,16.19,11.5,25.25,0.28,11.93,19.58
25-08-2019,Hyderabad,14.89,36.89,4.84,17.27,11.82,17.83,0.37,7.35,20.59
26-08-2019,Hyderabad,17.16,51.14,4.2,19.36,12.3,12.11,0.38,7.65,19.4
27-08-2019,Hyderabad,18.86,65.41,3.16,15.9,9.84,11.57,0.38,7.78,22.29
28-08-2019,Hyderabad,19.35,62.16,2.99,16.68,9.42,10.32,0.37,8.56,23.02
29-08-2019,Hyderabad,16.92,53.81,3.32,17.85,9.95,10.29,0.42,5.76,17.91
30-08-2019,Hyderabad,16.5,35.21,4.06,16.99,10.94,16.41,0.4,7.93,17.16
31-08-2019,Hyderabad,13.98,26.77,7.38,15.96,11.37,17.6,0.38,6.72,13.47
01-09-2019,Hyderabad,11.85,19.79,3.19,12.75,8.8,10.97,0.4,6.07,14.1
02-09-2019,Hyderabad,15.72,31.72,3.76,11.79,8.14,19.91,0.38,8.25,14.05
03-09-2019,Hyderabad,12.92,25.24,4.15,12.69,8.44,24.34,0.36,11.3,12.22
04-09-2019,Hyderabad,12.2,22.06,3.48,12.34,8.08,12.93,0.38,7.72,13.7
05-09-2019,Hyderabad,11.14,23.81,3.19,15.09,9.16,9.44,0.3,7.29,16.22
06-09-2019,Hyderabad,11.92,26.23,3.32,12.37,8.05,13.51,0.28,7.28,14.98
07-09-2019,Hyderabad,13.65,26.13,3.35,12.65,8.2,11.54,0.3,7.33,14.41
08-09-2019,Hyderabad,10.31,23.28,2.43,11.43,6.92,9.23,0.31,6.93,17.15
09-09-2019,Hyderabad,13.26,31.13,3.16,13.38,8.32,9.64,0.34,8.12,14.98
10-09-2019,Hyderabad,14.98,39.67,2.63,13.26,7.91,7.77,0.31,6.41,16.46
11-09-2019,Hyderabad,18.19,52.44,3.7,16.45,10,10.04,0.35,5.51,15.16
12-09-2019,Hyderabad,21.73,54.59,3.51,14.72,9.09,14.77,0.31,10.14,14.9
13-09-2019,Hyderabad,16.32,39.18,2.78,13.08,7.93,9.73,0.34,9.74,15.49
14-09-2019,Hyderabad,18.39,43.73,3.62,15.41,9.61,13.02,0.36,9.21,16.87
15-09-2019,Hyderabad,22.47,44.63,5.84,16.52,12.92,16,0.52,8.65,20.97
16-09-2019,Hyderabad,28.23,63.7,5.04,15.93,11.68,11.85,0.38,10.36,17.92
17-09-2019,Hyderabad,28.85,65.7,4.28,14.76,9.75,13.33,0.4,8.23,17.67
18-09-2019,Hyderabad,25.01,47.59,3.95,22.53,12.46,11.76,0.51,5.48,25.02
19-09-2019,Hyderabad,25.6,42.83,5.58,21.02,13.6,9.46,0.53,3.09,16.82
20-09-2019,Hyderabad,20.54,35.92,6.52,21.37,14.45,8.95,0.48,4.86,16.03
21-09-2019,Hyderabad,25.81,56.75,8.43,19.01,15.16,8.86,0.46,8.83,16.68
22-09-2019,Hyderabad,27.01,56.52,3.81,22.14,12.62,8.92,0.48,2.91,19.56
23-09-2019,Hyderabad,32.95,62.68,7.41,25.85,17.19,9.29,0.63,3.56,16.62
24-09-2019,Hyderabad,28.07,45.66,5.77,25.87,15.9,9.97,0.5,2.65,18.13
25-09-2019,Hyderabad,22.37,34.73,3.79,21.84,12.51,9.31,0.45,2.49,17.82
26-09-2019,Hyderabad,20.4,37.11,3.86,15.21,9.51,7.87,0.44,3.49,16.42
27-09-2019,Hyderabad,15.49,30.07,4.02,14.23,9.31,7.66,0.33,4.7,14.37
28-09-2019,Hyderabad,25.85,47.6,2.88,15.5,9.06,9.7,0.4,4.62,17.95
29-09-2019,Hyderabad,33.27,65.29,5.55,21.56,13.85,7.79,0.62,2.47,15.67
30-09-2019,Hyderabad,41.11,65.51,15.6,28.89,25.22,8.47,0.82,3.01,13.19
01-10-2019,Hyderabad,39.12,62.5,14.7,21.75,20.19,8.78,0.67,3.03,17.28
02-10-2019,Hyderabad,31.98,69.4,3.54,21.43,12.22,11.43,0.53,3.8,19.45
03-10-2019,Hyderabad,32.24,72.14,6.61,24.9,16.06,10.17,0.59,3.9,18.98
04-10-2019,Hyderabad,34.73,70.39,6.64,24.27,15.95,11.55,0.65,10.07,20.09
05-10-2019,Hyderabad,40.22,75.69,5.22,26.37,15.47,12.44,0.61,6.79,20.03
06-10-2019,Hyderabad,42.99,65.7,5.95,26.42,16.14,13.03,0.62,5.33,20.61
07-10-2019,Hyderabad,50.79,81.52,6.8,23.98,15.72,12.66,0.57,5.21,24.25
08-10-2019,Hyderabad,56.9,83.53,3.72,21.05,12.16,12.32,0.57,3.4,23.99
09-10-2019,Hyderabad,54.17,79.18,3.46,25.34,14.02,11.62,0.66,3.53,23.27
10-10-2019,Hyderabad,39.07,64.26,5.7,32.44,18.72,9.82,0.63,3.94,19.34
11-10-2019,Hyderabad,34.57,56.51,5.84,26.75,16.47,9.95,0.55,4.11,25.15
12-10-2019,Hyderabad,34.91,61.3,5.38,27.6,16.34,9.07,0.56,3.6,24.66
13-10-2019,Hyderabad,36.35,61.96,4.95,24.49,15.72,9.32,0.58,3.71,24.03
14-10-2019,Hyderabad,53.22,94.89,4.48,24.54,14.37,10.4,0.56,5.04,21.06
15-10-2019,Hyderabad,52.62,100.99,4.1,23.13,14.29,10.26,0.54,3.79,23.86
16-10-2019,Hyderabad,59.41,104.37,4.49,28.52,15.26,9.63,0.67,2.95,25.33
17-10-2019,Hyderabad,48.12,94.64,5.5,27.32,16,8.62,0.63,2.7,17.79
18-10-2019,Hyderabad,24.3,52.38,4.01,20.85,11.59,7.35,0.5,2.71,18.67
19-10-2019,Hyderabad,22.92,54.35,3.64,21.67,12.31,7.06,0.48,2.92,21.13
20-10-2019,Hyderabad,28.04,51.18,4.17,23.54,13.8,8.1,0.62,2.68,18.41
21-10-2019,Hyderabad,22.03,46.72,3.98,21.12,13.29,7.59,0.51,3.34,20.2
22-10-2019,Hyderabad,41.03,71.08,8.21,27.1,17.71,9.75,0.65,3.63,14.93
23-10-2019,Hyderabad,37.8,70.86,7.97,23.75,16.66,10.32,0.57,4.71,14.48
24-10-2019,Hyderabad,22.53,43.48,5.57,19.81,12.99,13.38,0.6,8.3,12.59
25-10-2019,Hyderabad,23.54,56.62,9.25,22.14,15.97,10.27,0.49,4.34,13.74
26-10-2019,Hyderabad,18.81,42.64,4.68,18.42,9.9,8.98,0.44,2.59,15.61
27-10-2019,Hyderabad,40.65,51.1,4.6,21.39,11.8,10.41,0.45,4.04,17.96
28-10-2019,Hyderabad,64.09,94.5,5.52,24.01,15.71,11.32,0.59,5.25,20.95
29-10-2019,Hyderabad,42.04,74.5,5.84,25.96,17.77,10.59,0.64,3.38,19.55
30-10-2019,Hyderabad,40.41,72.97,7.5,26.24,19.03,10.16,0.98,2.96,19.73
31-10-2019,Hyderabad,21.39,51.57,4.76,19.89,13.88,9.06,0.86,2.8,20.34
01-11-2019,Hyderabad,22.51,54.11,6.53,20.95,14.98,9.79,0.46,3.41,19.96
02-11-2019,Hyderabad,29.98,70,7.92,25.34,18.73,9.6,0.61,3.58,20.79
03-11-2019,Hyderabad,37.22,84.04,5,22.49,15.44,11.06,0.59,5.34,23.74
04-11-2019,Hyderabad,57.61,115.79,5.3,25.82,17.28,15.21,0.64,11.04,27.88
05-11-2019,Hyderabad,84.85,157.6,6.75,36.15,23.28,23.37,0.75,13.54,28.26
06-11-2019,Hyderabad,84,155.75,8.64,35.47,24.61,20.55,0.85,9.23,27.88
07-11-2019,Hyderabad,70.7,125.56,4.46,27.89,17.71,15.01,0.65,6.2,31.05
08-11-2019,Hyderabad,69.8,129.17,8.51,29.95,21.6,15.53,0.71,7.62,28.77
09-11-2019,Hyderabad,81.35,146.94,4.9,29.9,19.58,15.9,0.67,9.4,32.63
10-11-2019,Hyderabad,72.38,133.78,3.52,28.07,17.44,12.72,0.57,11.76,38.45
11-11-2019,Hyderabad,60.06,122.21,5.61,30.62,20.55,11.9,0.64,6.83,27.21
12-11-2019,Hyderabad,56.27,111.69,4.11,27.67,17.74,11.32,0.48,8.28,32.11
13-11-2019,Hyderabad,62.64,120.38,4.36,32.29,20.36,10.87,0.55,7.01,34.16
14-11-2019,Hyderabad,67.77,124.6,4.17,28.91,18.43,11.7,0.6,5.57,34.65
15-11-2019,Hyderabad,69.15,130.32,4.1,34.06,21.15,12.01,0.67,6.04,30.76
16-11-2019,Hyderabad,66.42,134.25,4.52,33.39,20.91,12.6,0.67,6.42,30.5
17-11-2019,Hyderabad,70.79,135.59,3.95,30.37,18.84,13.55,0.66,11.76,34.73
18-11-2019,Hyderabad,76.03,153.76,3.46,35.4,21.34,15.46,0.71,13.24,41.27
19-11-2019,Hyderabad,82.72,159.66,3.29,32.85,19.65,15.59,0.68,9.84,44.86
20-11-2019,Hyderabad,84.11,153.06,3.88,38.32,23.25,13.49,0.69,6.29,35.3
21-11-2019,Hyderabad,78.63,137.03,5.37,38.44,24.57,10.53,0.7,4.59,30.22
22-11-2019,Hyderabad,76.7,143.27,5.09,40.26,25.3,11.35,0.76,5.68,29.72
23-11-2019,Hyderabad,75.82,146.29,7.29,42.14,28.07,13.8,0.77,9.06,26.43
24-11-2019,Hyderabad,80.31,147.9,6.13,38.39,25.13,14.89,0.79,6.99,30.62
25-11-2019,Hyderabad,86.18,152.32,3.74,35.5,20.55,12.62,0.72,7.34,32.54
26-11-2019,Hyderabad,80.88,147.41,3.03,31.01,15.71,11,0.7,6.09,32.79
27-11-2019,Hyderabad,71.3,141.73,4.68,38.76,20.13,10.22,0.85,5.83,28.08
28-11-2019,Hyderabad,74.49,141.9,8.62,49.64,30.01,13.02,0.88,7.11,27.41
29-11-2019,Hyderabad,62.42,117.76,7.57,44.76,29.05,16.02,0.79,5.44,28.58
30-11-2019,Hyderabad,63.81,129.5,6,40.93,26.28,17.83,0.79,5.9,24.91
01-12-2019,Hyderabad,61.97,115.41,7.3,32.04,22.23,14.62,0.7,5.92,23.4
02-12-2019,Hyderabad,45.57,78.45,7.03,26.88,19.45,13.54,0.61,5.01,22.17
03-12-2019,Hyderabad,47.66,80.56,7.56,36.08,24.79,12.29,0.75,5.45,20.1
04-12-2019,Hyderabad,79.37,134.99,7.67,38.31,25.8,14.17,0.81,5.55,30.71
05-12-2019,Hyderabad,82.44,152.49,10.1,47.96,32.55,15.47,0.92,8.32,27.09
06-12-2019,Hyderabad,85.82,164.16,11.81,46.9,32.85,15.81,0.86,8.61,30.81
07-12-2019,Hyderabad,83.29,152.67,10.13,49.14,33.08,14.05,0.82,6.63,33.25
08-12-2019,Hyderabad,67.07,126.99,10.2,42.75,29.65,14.96,0.83,5.88,27.28
09-12-2019,Hyderabad,57.77,111.21,9.93,41.58,28.47,16.72,0.89,5.62,24.99
10-12-2019,Hyderabad,58.14,116.77,12.36,43.91,31.49,14.78,0.86,6.12,24.18
11-12-2019,Hyderabad,64.73,122.45,14.33,45.83,36.44,14.38,0.92,5.73,26.62
12-12-2019,Hyderabad,55.77,109.27,10.17,44.15,30.6,13.92,0.78,5.58,23.84
13-12-2019,Hyderabad,31.86,69.75,8.63,32.41,23.17,13.97,0.61,5.87,26.76
14-12-2019,Hyderabad,40.8,83.56,8.88,35.37,24.88,14.5,0.67,5.14,26.37
15-12-2019,Hyderabad,43.43,78.64,7.88,31.45,22.09,14.16,0.66,4.87,27.3
16-12-2019,Hyderabad,50.84,100.38,8.91,39.89,27.36,14.67,0.75,5.05,25.47
17-12-2019,Hyderabad,69.16,129.71,13.06,45.94,33.48,17.47,0.84,6.06,24.37
18-12-2019,Hyderabad,75.72,146.93,16.08,48.4,37.04,19.48,0.91,6.88,24.3
19-12-2019,Hyderabad,75.66,147.41,12.24,45.84,32.73,17.5,0.92,5.69,25.57
20-12-2019,Hyderabad,78.86,152.23,15.73,52.39,38.9,17.39,1,8.96,25.49
21-12-2019,Hyderabad,82.1,156.27,14.3,45.79,33.96,18.8,0.84,7.61,31.18
22-12-2019,Hyderabad,77.15,141.72,9.68,41.34,28.6,19.15,0.66,6.27,28.57
23-12-2019,Hyderabad,74.42,132.56,8.99,41.57,28.3,16.81,0.73,5.84,30.37
24-12-2019,Hyderabad,62.38,109.07,8.67,34.51,24.29,14.8,0.63,5.24,32.49
25-12-2019,Hyderabad,72.06,123.2,8.46,33,23.25,14.82,0.74,4.73,34.33
26-12-2019,Hyderabad,62.79,114.8,9.47,33.93,24.52,13.26,0.75,5.43,29.67
27-12-2019,Hyderabad,56.3,119.06,10.23,36.66,26.15,13.04,0.73,6.89,26.83
28-12-2019,Hyderabad,73.73,141.13,10.37,39.62,28.11,13.24,0.72,14.5,31.39
29-12-2019,Hyderabad,80.23,149.05,11.11,44.53,31.18,13.85,0.79,10.51,32.58
30-12-2019,Hyderabad,72.02,127.34,11.1,36.32,26.86,13.41,0.81,6.71,36.01
31-12-2019,Hyderabad,47.37,82.17,8.73,30.94,22.41,14.24,0.68,5.25,30.96
01-01-2020,Hyderabad,41.19,69.42,8.24,25.88,19.3,13.79,0.65,4.18,28.71
02-01-2020,Hyderabad,30.8,56,8.74,27.43,20.49,13.76,0.61,3.83,22.23
03-01-2020,Hyderabad,33.09,57.88,8.11,25.24,18.87,13.49,0.57,5.53,22.63
04-01-2020,Hyderabad,57.96,106.32,9.94,29.78,22.36,15.35,0.7,6.3,27.61
05-01-2020,Hyderabad,64.52,113.98,10.67,34.05,24.59,15.44,0.57,17.49,29.06
06-01-2020,Hyderabad,56.86,101.12,9.19,36.85,25.69,13.85,0.75,11.39,26.58
07-01-2020,Hyderabad,51.1,89.73,8.09,30.38,21.53,13.18,0.6,5.24,27.64
08-01-2020,Hyderabad,40.04,74.46,8.75,25.03,19.35,12.15,0.45,6.19,26.31
09-01-2020,Hyderabad,46.45,88.34,10.08,29.5,22.57,15.74,0.52,6.66,20.13
10-01-2020,Hyderabad,74.35,129.65,8.75,29.58,21.49,16.41,0.52,8.8,30.67
11-01-2020,Hyderabad,74.55,141.86,10.9,41.69,29.49,16.45,0.62,13.04,29.76
12-01-2020,Hyderabad,67.37,137.74,13.05,42.49,30.97,17.71,0.57,14.43,29.52
13-01-2020,Hyderabad,65.69,135.4,12.77,46.15,33.07,17.95,0.61,11.57,32.27
14-01-2020,Hyderabad,72.24,139.44,4.8,40.97,25.37,23.48,0.63,5.04,41.27
15-01-2020,Hyderabad,50.23,86.93,2.88,25.29,15.62,20.92,0.42,4.35,36.53
16-01-2020,Hyderabad,35.28,65.41,2.81,22.05,13.92,18.35,0.38,5.35,33.42
17-01-2020,Hyderabad,31.16,63.66,6.4,27.84,19.17,15.93,0.44,5.87,25.51
18-01-2020,Hyderabad,35.01,74.36,10.46,29.5,22.59,14.58,0.48,5.17,25.43
19-01-2020,Hyderabad,34.14,71.2,11.5,27.74,22,14.75,0.43,4.3,25.09
20-01-2020,Hyderabad,39.98,83.38,11.41,30.46,23.89,16.02,0.47,4.75,25.95
21-01-2020,Hyderabad,37.27,89.76,10.09,32.37,24.07,17.04,0.46,5.1,28.47
22-01-2020,Hyderabad,38.79,85.47,10,31.8,23.56,17.7,0.48,5.74,27.79
23-01-2020,Hyderabad,56.38,115.76,11.39,43.87,31.09,18.33,0.62,6.51,23.8
24-01-2020,Hyderabad,63.09,128.53,16.57,49.49,37.99,19.87,0.66,7.58,21.9
25-01-2020,Hyderabad,67.01,141.41,16.44,47.05,36.22,22.15,0.7,9.29,24.01
26-01-2020,Hyderabad,62.52,138.48,16.82,43,34.1,22.36,0.63,8.08,26.27
27-01-2020,Hyderabad,57.99,119.51,14.41,38.53,30.46,22.01,0.56,7.35,29.09
28-01-2020,Hyderabad,51.37,105.71,11.61,29.77,23.94,22.99,0.45,9.14,36.31
29-01-2020,Hyderabad,58.15,132.5,12.15,38.77,28.53,27.52,0.56,12.66,27.33
30-01-2020,Hyderabad,68.2,149.58,15.2,36.66,29.56,24.9,0.57,12.68,32.23
31-01-2020,Hyderabad,59.22,131.21,15.5,38.18,30.84,31.58,0.47,8.72,33.28
01-02-2020,Hyderabad,38.88,83.63,13.41,40.69,30.19,44.44,0.4,5.26,23.6
02-02-2020,Hyderabad,40.2,86.11,10.81,29.28,22.65,20.47,0.45,4.62,22.37
03-02-2020,Hyderabad,36.94,79.23,11.29,30.21,24.72,19.85,0.42,4.14,19.82
04-02-2020,Hyderabad,27.77,68.94,11.47,31.23,24.15,18.8,0.42,6.01,22.31
05-02-2020,Hyderabad,32.73,79.91,12.03,34.88,26.52,18.89,0.44,4.73,20.87
06-02-2020,Hyderabad,30.56,83.58,11.42,41.17,29.82,19.47,0.4,4.98,22.55
07-02-2020,Hyderabad,32.21,85.67,10.06,28.37,21.89,16.24,0.39,4.61,28.54
08-02-2020,Hyderabad,38.5,82.42,13.62,28.55,24.59,16.84,0.45,4.7,22.27
09-02-2020,Hyderabad,41.49,67.47,12.81,27.11,23.16,16.83,0.49,5.98,17.12
10-02-2020,Hyderabad,39.28,71.1,11.81,29.29,23.63,15.89,0.48,4.23,24.04
11-02-2020,Hyderabad,42.7,80,11.16,29.93,23.38,15.85,0.49,4.72,30.41
12-02-2020,Hyderabad,56.38,105.86,11.99,36.64,27.32,16.47,0.6,5.87,27.5
13-02-2020,Hyderabad,61.85,130.5,14.13,43.3,32.56,17.28,0.6,9.22,28.73
14-02-2020,Hyderabad,74.29,149.4,27.33,60.15,52.12,20.31,0.85,19.3,25.32
15-02-2020,Hyderabad,66.96,142.86,28.85,57.58,51.8,22.58,0.8,13.19,27.56
16-02-2020,Hyderabad,65.61,134.24,17.31,43.19,34.66,25.29,0.56,11.81,34.95
17-02-2020,Hyderabad,59.75,138.05,18.42,44.99,35.83,24.82,0.63,10.93,29.88
18-02-2020,Hyderabad,45.93,120.32,13,47.25,33.53,23.78,0.57,14.12,29.11
19-02-2020,Hyderabad,49.6,116.05,12.41,44.57,32.04,26.32,0.58,8.36,32.27
20-02-2020,Hyderabad,45.57,94.57,10.85,27.45,21.75,19.79,0.41,5.78,31.14
21-02-2020,Hyderabad,35.27,76.37,10,22.96,18.73,17.45,0.35,6.09,32.66
22-02-2020,Hyderabad,28.81,77.15,10.68,27.78,21.61,16.2,0.37,5.72,28.48
23-02-2020,Hyderabad,25.6,64.14,9.89,24.85,19.69,15.89,0.39,5.8,29.68
24-02-2020,Hyderabad,32.51,77.92,9.62,27.31,20.91,16.28,0.46,4.77,32.78
25-02-2020,Hyderabad,42.14,107.78,10.13,28.15,21.56,20.99,0.46,8.89,31.4
26-02-2020,Hyderabad,55.84,134.28,12.79,34.26,26.33,21.99,0.51,12.79,34.42
27-02-2020,Hyderabad,38.49,108.25,9.06,33.43,23.77,16.36,0.41,10.07,36.84
28-02-2020,Hyderabad,40.35,103.27,4.75,29.75,19.28,21.13,0.43,6.6,35.27
29-02-2020,Hyderabad,42.44,94.49,3.45,25.56,16.14,21.76,0.51,4.91,33.3
01-03-2020,Hyderabad,43.21,93.93,4.18,27.41,17.73,20.04,0.58,4.72,33.69
02-03-2020,Hyderabad,48.6,98.66,4.74,31.95,20.68,20.01,0.59,5.26,29.23
03-03-2020,Hyderabad,49.59,101.91,3.4,27.73,17.39,17.38,0.52,5.34,29.24
04-03-2020,Hyderabad,46.51,109.13,10.5,29.56,22.73,20.08,0.52,8.82,26.06
05-03-2020,Hyderabad,57.23,135.4,11.81,37.61,27.67,22.86,0.64,11.83,29.33
06-03-2020,Hyderabad,33.87,85.6,9.46,23.4,18.67,20.08,0.44,5.21,21.86
07-03-2020,Hyderabad,38.58,92.91,11,25.4,21.69,17.74,0.46,4.76,23.93
08-03-2020,Hyderabad,33.94,68.49,9.05,22.05,17.67,16.43,0.46,4.69,23.97
09-03-2020,Hyderabad,32.84,75.09,10.27,22.79,18.72,11.49,0.5,4.82,18.94
10-03-2020,Hyderabad,25.67,60.08,9.91,21.21,17.74,11.85,0.44,4.35,21.56
11-03-2020,Hyderabad,29.93,75.82,9.77,26.85,20.78,14.8,0.48,5.01,21.78
12-03-2020,Hyderabad,31.53,86.96,10.01,30.61,22.99,13.76,0.58,5.55,21.14
13-03-2020,Hyderabad,27.51,78.19,9.16,25.71,19.82,13.03,0.46,4.96,20.64
14-03-2020,Hyderabad,33.45,83.27,10.07,28.19,21.84,14.14,0.53,6.01,20.47
15-03-2020,Hyderabad,32.03,81.84,10.48,27.55,21.68,13.87,0.49,5.37,22.61
16-03-2020,Hyderabad,27.86,68.18,10.8,28.5,22.5,18.46,0.53,4.57,19.88
17-03-2020,Hyderabad,25.08,69.94,10.63,29.65,22.98,12.91,0.47,3.98,20.94
18-03-2020,Hyderabad,26.32,68.45,11.32,31.53,24.45,11.78,0.51,5.34,20.74
19-03-2020,Hyderabad,43.39,97.86,9.2,33.52,24.66,14.85,0.68,7.02,24.86
20-03-2020,Hyderabad,33.71,72.83,7.05,25.04,18.77,11.25,0.52,5.39,29.44
21-03-2020,Hyderabad,39.85,103.66,8.88,24.68,19.21,10.92,0.57,7.04,28.78
22-03-2020,Hyderabad,38,85.6,9.58,20.45,16.82,11.33,0.49,6.38,26.93
23-03-2020,Hyderabad,37.97,72.32,8,14.21,12.92,11.63,0.46,5.41,28.82
24-03-2020,Hyderabad,28.75,59.24,7.76,12.33,11.79,10.04,0.4,6.67,28.26
25-03-2020,Hyderabad,28.47,59.28,7.76,12.7,11.53,11.26,0.4,6.22,28.67
26-03-2020,Hyderabad,29,60.99,7.92,12.23,11.39,9.25,0.37,5.14,29.13
27-03-2020,Hyderabad,34.09,67.6,7.7,12.16,11.2,9,0.36,5.3,33.42
28-03-2020,Hyderabad,36.17,67.08,3.67,11.67,8.47,10.69,0.39,6.39,36.97
29-03-2020,Hyderabad,42.07,75.41,2.85,19.37,11.3,11.83,0.47,4.71,36.94
30-03-2020,Hyderabad,34.79,65.96,3.05,19.35,12.19,9.62,0.41,7.11,36.78
31-03-2020,Hyderabad,42.42,72.92,5.47,19.9,14.38,10.08,0.49,7.31,37.4
01-04-2020,Hyderabad,47.96,83.65,3.72,19.98,13.07,11.07,0.65,6.64,35.46
02-04-2020,Hyderabad,48.05,80.7,3.48,19.75,12.85,11.34,0.55,6.67,33.65
03-04-2020,Hyderabad,38.13,69.42,3.8,18.95,12.23,10.45,0.51,9.04,31.37
04-04-2020,Hyderabad,37.34,72.16,3.78,21.26,13.49,10.48,0.5,8.46,26.57
05-04-2020,Hyderabad,30.18,57.17,5.19,16.71,12.2,11.57,0.44,8.36,27.81
06-04-2020,Hyderabad,27.87,64.99,6.26,18.52,13.41,14.86,0.66,8.47,25.48
07-04-2020,Hyderabad,19.76,39.6,20.04,22.67,23.9,20.62,0.8,8.49,34.09
08-04-2020,Hyderabad,19.94,43.45,16.92,20.46,21.26,18.78,0.41,11.06,36.03
09-04-2020,Hyderabad,29.36,61.5,23.69,25.74,26.47,15.14,0.51,9.14,29.65
10-04-2020,Hyderabad,18.95,36.93,9.39,31.96,22.02,14.41,0.52,6.51,28.05
11-04-2020,Hyderabad,23.99,43.01,10.56,27.24,21.24,13.54,0.38,6.21,23.3
12-04-2020,Hyderabad,33.4,59.02,5.55,21.68,15.09,13.12,0.4,4.25,24.1
13-04-2020,Hyderabad,35.21,66.35,6.95,18.03,14.06,13.2,0.41,3.48,29.34
14-04-2020,Hyderabad,38.07,78.8,5.4,19.72,13.94,14.34,0.38,4.27,33.8
15-04-2020,Hyderabad,33.99,68.75,5.55,18.3,13.43,11.99,0.41,4.36,34.56
16-04-2020,Hyderabad,37.13,68.87,5.58,18.82,13.75,12.6,0.49,4.19,33.93
17-04-2020,Hyderabad,38.44,75.93,6.43,21.35,15.53,16.41,0.51,5.07,29.02
18-04-2020,Hyderabad,35.67,63.08,6.99,25.01,17.34,16.54,0.5,4.46,24.66
19-04-2020,Hyderabad,30.21,61.21,7.75,24.42,17.97,17.69,0.38,5.75,24.31
20-04-2020,Hyderabad,26.47,57.08,7.86,25.39,18.67,15.19,0.38,6.01,21.8
21-04-2020,Hyderabad,22.83,42.44,8.29,29.99,21.48,22.58,0.5,6.64,20.2
22-04-2020,Hyderabad,25.12,46.3,7.57,26.18,18.57,17.45,0.39,4.56,23.58
23-04-2020,Hyderabad,27.57,62.7,7.51,24.7,17.87,14.74,0.45,4.88,23.42
24-04-2020,Hyderabad,28.99,54.72,6.92,22.09,16.45,14.59,0.44,4.43,23.95
25-04-2020,Hyderabad,31.76,72.38,6.91,24.4,17.63,13.7,0.46,5.65,24.59
26-04-2020,Hyderabad,29.9,59.77,6.85,20.64,15.56,15.52,0.42,4.27,25.52
27-04-2020,Hyderabad,23.51,56.45,6.72,21.98,16.13,11.94,0.44,3.83,26.87
28-04-2020,Hyderabad,23.36,53.68,7.68,19.73,15.18,12.67,0.39,3.72,23.68
29-04-2020,Hyderabad,16.03,37.73,7.11,22.21,16.46,10.4,0.41,3.67,29.77
30-04-2020,Hyderabad,21.12,54.39,5.11,24.27,16.33,12.94,0.6,4.03,32.53
01-05-2020,Hyderabad,22.69,53.46,5.72,22.43,15.54,13.87,0.64,4.27,27.21
02-05-2020,Hyderabad,24.62,51.4,8.06,25.22,18.8,11.77,0.54,5.59,30.87
03-05-2020,Hyderabad,33.03,80.72,6.32,26.32,18.2,12.42,0.49,5.04,30.42
04-05-2020,Hyderabad,28.18,69.69,4.34,22.57,14.89,13.31,0.48,4.59,32.53
05-05-2020,Hyderabad,31.36,75.39,6.48,24.86,17.35,13.46,0.45,4.17,32.74
06-05-2020,Hyderabad,25.18,59.71,5.47,21.51,15.19,12.26,0.52,4.45,31.28
07-05-2020,Hyderabad,26.84,58.71,5.48,21.67,15.26,12.1,0.41,4.3,26.6
08-05-2020,Hyderabad,27.46,66.53,5.31,22.97,15.87,12.8,0.45,4.84,29.18
09-05-2020,Hyderabad,29.56,61.16,5.26,21.1,14.83,11.16,0.37,5.41,31.69
10-05-2020,Hyderabad,28.15,47.77,6.13,26.08,18.09,10.57,0.43,5.02,26.82
11-05-2020,Hyderabad,38.65,82.55,7.1,30.29,20.61,13.24,0.53,7.01,27.77
12-05-2020,Hyderabad,32.09,62.6,6.66,27.82,19.37,12.49,0.47,6.05,24.41
13-05-2020,Hyderabad,24.1,54.77,6.12,24.07,16.92,9.87,0.38,4.61,25.87
14-05-2020,Hyderabad,25.06,53.65,5.74,21.85,15.62,10.65,0.35,5.29,25.8
15-05-2020,Hyderabad,24.12,56.89,6.46,23.33,16.59,10.57,0.34,5.38,27.84
16-05-2020,Hyderabad,27.65,61.38,6.83,26.37,17.99,11.9,0.46,6.32,30.88
17-05-2020,Hyderabad,32.47,72.72,6.68,28.5,19.68,12.15,0.49,5.87,31.95
18-05-2020,Hyderabad,31.05,71.9,4.88,27.66,17.21,13.06,0.43,7.55,35.11
19-05-2020,Hyderabad,42.41,122.45,5.65,30.17,19.56,14.39,0.52,9.4,33.8
20-05-2020,Hyderabad,36.62,134.25,5.97,31.45,20.28,30.92,0.44,10.5,29.47
21-05-2020,Hyderabad,31.59,118.03,7.65,33.69,22.31,29.77,0.43,11.4,32.1
22-05-2020,Hyderabad,39.91,137.19,7.64,38.9,25.41,13.84,0.68,8.55,28.72
23-05-2020,Hyderabad,44.09,147.59,6.29,35.83,22.82,16.26,0.62,8.65,35.2
24-05-2020,Hyderabad,41.03,124.09,5.05,26.38,17.02,14.07,0.52,6.61,43.37
25-05-2020,Hyderabad,33.07,97.27,5.23,22.72,15.57,18.83,0.44,5.94,38.23
26-05-2020,Hyderabad,32.51,85.85,5.32,23.19,15.44,12.36,0.45,6.32,37.5
27-05-2020,Hyderabad,28.66,90.2,4.95,24.26,15.94,8.61,0.44,5.46,40.38
28-05-2020,Hyderabad,26.7,96.67,5.11,26.37,17.03,7,0.41,5.65,32.09
29-05-2020,Hyderabad,21.07,79.56,4.82,24.05,15.88,12.99,0.34,6.1,30.78
30-05-2020,Hyderabad,18.56,60.6,4.6,23.9,15.62,9.55,0.33,5.49,32.56
31-05-2020,Hyderabad,25.17,60.07,8.9,27.75,19.32,10.88,0.43,4.66,25.41
01-06-2020,Hyderabad,30,54.63,8.17,30.48,21.23,14.11,0.42,5.23,30.2
02-06-2020,Hyderabad,16.47,31.29,7.23,23.75,16.75,14.73,0.33,4.36,29.86
03-06-2020,Hyderabad,11.74,24.32,4.76,20.72,14,15.97,0.34,5.12,18.84
04-06-2020,Hyderabad,13.93,28.72,5.38,18.89,13.16,13.38,0.3,5.56,21.39
05-06-2020,Hyderabad,19.57,52.74,4.86,22.78,15.07,14.51,0.3,6.89,20.05
06-06-2020,Hyderabad,23.02,74.58,5.54,20.88,14.47,19.79,0.29,10.04,17.59
07-06-2020,Hyderabad,19.49,59.86,7.56,18,13.89,22.6,0.3,9.34,17.98
08-06-2020,Hyderabad,20.2,68.79,7.27,19.5,14.29,20.52,0.32,9.69,16.57
09-06-2020,Hyderabad,17.96,56.02,6.01,19.43,13.92,21.26,0.31,9.15,20.04
10-06-2020,Hyderabad,20.26,42.43,7.09,21.57,16.09,15.23,0.28,5.72,17.59
11-06-2020,Hyderabad,19.96,45.14,7.54,23.97,17.06,19.95,0.27,6.7,13.48
12-06-2020,Hyderabad,17.19,35.96,5.99,21.01,15.04,23.05,0.28,6.02,15.47
13-06-2020,Hyderabad,9.87,23.48,5.26,19.35,13.7,10.64,0.29,5.32,16.2
14-06-2020,Hyderabad,9.8,22.79,5.45,19.97,14.15,11.98,0.26,6.34,17.74
15-06-2020,Hyderabad,13.53,31.78,5.84,19.95,14.57,12.69,0.31,6.19,15.24
16-06-2020,Hyderabad,10.31,20.76,5.49,17.7,12.66,9.12,0.31,5.28,13.05
17-06-2020,Hyderabad,10.31,20.97,5.89,18.86,13.65,9.94,0.28,5.7,14.37
18-06-2020,Hyderabad,14.04,33.09,5.66,18.92,13.77,9.71,0.26,5.94,13.99
19-06-2020,Hyderabad,20.19,55.14,7.31,20.73,15.44,18.62,0.27,7.96,12.04
20-06-2020,Hyderabad,22.5,63.77,5.78,19.96,14.55,20.92,0.26,7.71,13.86
21-06-2020,Hyderabad,24,72.01,6.08,21.8,15.65,27.63,0.25,8.15,14.47
22-06-2020,Hyderabad,22.91,68.3,5.72,21.71,15.23,20.05,0.26,7.86,15.94
23-06-2020,Hyderabad,22.36,56.6,6.71,22.45,16.53,11.81,0.32,6.56,16.49
24-06-2020,Hyderabad,21.25,45.4,7.2,24.72,17.75,7.3,0.36,5.26,20.81
25-06-2020,Hyderabad,22.41,46.29,7.13,25.42,17.73,8.93,0.35,5.16,23.48
26-06-2020,Hyderabad,27.05,54.96,5.71,21.78,14.59,9.63,0.34,5.03,24.41
27-06-2020,Hyderabad,23.29,44.2,6.38,22.64,15.39,9.34,0.36,5.39,24.22
28-06-2020,Hyderabad,15.8,32.18,5.79,22.73,14.89,11.09,0.36,6.36,22.25
29-06-2020,Hyderabad,20.24,44.74,3.96,27.59,17.09,13.09,0.38,6.29,19.98
30-06-2020,Hyderabad,19.38,41.95,2.63,24.58,14.59,10.8,0.39,5.3,17.4
